Round,Gender,Surface,Name,Country,City,loser_ranking,winner_ranking,loser_h2h,winner_h2h,loser_total_losses,winner_total_losses,loser_surface_losses,winner_surface_losses,loser_total_wins,winner_total_wins,loser_surface_wins,winner_surface_wins,Prediction
R16,Male,Grass,"Gerry Weber Open",NULL,Halle,5,137,0,1,132,451,899,4534,2692,11272,1290,5176,0
R16,Male,Grass,Halle,NULL,Halle,5,137,0,1,132,451,899,4534,2692,11272,1290,5176,0
R16,Male,Grass,Halle,NULL,Halle,5,137,0,1,132,451,899,4534,2692,11272,1290,5176,0
R16,Male,Grass,Halle,NULL,Halle,5,137,0,1,132,451,899,4534,2692,11272,1290,5176,0
R16,Male,Grass,Halle,NULL,Halle,5,137,0,1,132,451,899,4534,2692,11272,1290,5176,0
R16,Male,Grass,Halle,NULL,Halle,5,137,0,1,132,451,899,4534,2692,11272,1290,5176,0
R16,Male,Grass,Halle,NULL,Halle,5,137,0,1,132,451,899,4534,2692,11272,1290,5176,0
R16,Male,Grass,Halle,NULL,Halle,5,137,0,1,132,451,899,4534,2692,11272,1290,5176,0
R16,Male,Grass,Halle,NULL,Halle,5,137,0,1,132,451,899,4534,2692,11272,1290,5176,0
R16,Male,Grass,Halle,NULL,Halle,5,137,0,1,132,451,899,4534,2692,11272,1290,5176,0
R16,Male,Grass,Halle,NULL,Halle,5,137,0,1,132,451,899,4534,2692,11272,1290,5176,0
R16,Male,Grass,Halle,NULL,Halle,5,137,0,1,132,451,899,4534,2692,11272,1290,5176,0
R16,Male,Grass,Halle,NULL,Halle,5,137,0,1,132,451,899,4534,2692,11272,1290,5176,0
R16,Male,Grass,Halle,NULL,Halle,5,137,0,1,132,451,899,4534,2692,11272,1290,5176,0
R16,Male,Grass,Halle,NULL,Halle,5,137,0,1,132,451,899,4534,2692,11272,1290,5176,0
R16,Male,Grass,Halle,NULL,Halle,5,137,0,1,132,451,899,4534,2692,11272,1290,5176,0
R16,Male,Grass,Halle,NULL,Halle,5,137,0,1,132,451,899,4534,2692,11272,1290,5176,0
R16,Male,Grass,Halle,NULL,Halle,5,137,0,1,132,451,899,4534,2692,11272,1290,5176,0
R16,Male,Grass,Halle,NULL,Halle,5,137,0,1,132,451,899,4534,2692,11272,1290,5176,0
R16,Male,Grass,Halle,NULL,Halle,5,137,0,1,132,451,899,4534,2692,11272,1290,5176,0
R16,Male,Grass,Halle,NULL,Halle,5,137,0,1,132,451,899,4534,2692,11272,1290,5176,0
R16,Male,Grass,Halle,NULL,Halle,5,137,0,1,132,451,899,4534,2692,11272,1290,5176,0
R16,Male,Grass,Halle,NULL,Halle,5,137,0,1,132,451,899,4534,2692,11272,1290,5176,0
R16,Male,Grass,Halle,NULL,Halle,5,137,0,1,132,451,899,4534,2692,11272,1290,5176,0
R16,Male,Grass,Halle,NULL,Halle,5,137,0,1,132,451,899,4534,2692,11272,1290,5176,0
R32,Male,Clay,"BMW Open by FWU",Germany,Munich,5,549,0,1,132,419,572,3130,2692,13029,756,4055,0
R32,Male,Clay,Munich,Germany,Munich,5,549,0,1,132,419,572,3130,2692,13029,756,4055,0
R32,Male,Clay,Munich,Germany,Munich,5,549,0,1,132,419,572,3130,2692,13029,756,4055,0
R32,Male,Clay,Munich,Germany,Munich,5,549,0,1,132,419,572,3130,2692,13029,756,4055,0
R32,Male,Clay,Munich,Germany,Munich,5,549,0,1,132,419,572,3130,2692,13029,756,4055,0
R32,Male,Clay,Munich,Germany,Munich,5,549,0,1,132,419,572,3130,2692,13029,756,4055,0
R32,Male,Clay,Munich,Germany,Munich,5,549,0,1,132,419,572,3130,2692,13029,756,4055,0
R32,Male,Clay,Munich,Germany,Munich,5,549,0,1,132,419,572,3130,2692,13029,756,4055,0
R32,Male,Clay,Munich,Germany,Munich,5,549,0,1,132,419,572,3130,2692,13029,756,4055,0
R32,Male,Clay,Munich,Germany,Munich,5,549,0,1,132,419,572,3130,2692,13029,756,4055,0
R32,Male,Clay,Munich,Germany,Munich,5,549,0,1,132,419,572,3130,2692,13029,756,4055,0
R32,Male,Clay,Munich,Germany,Munich,5,549,0,1,132,419,572,3130,2692,13029,756,4055,0
R32,Male,Clay,Munich,Germany,Munich,5,549,0,1,132,419,572,3130,2692,13029,756,4055,0
R32,Male,Clay,Munich,Germany,Munich,5,549,0,1,132,419,572,3130,2692,13029,756,4055,0
R32,Male,Clay,Munich,Germany,Munich,5,549,0,1,132,419,572,3130,2692,13029,756,4055,0
R32,Male,Clay,Munich,Germany,Munich,5,549,0,1,132,419,572,3130,2692,13029,756,4055,0
R32,Male,Clay,Munich,Germany,Munich,5,549,0,1,132,419,572,3130,2692,13029,756,4055,0
R32,Male,Clay,Munich,Germany,Munich,5,549,0,1,132,419,572,3130,2692,13029,756,4055,0
R32,Male,Clay,Munich,Germany,Munich,5,549,0,1,132,419,572,3130,2692,13029,756,4055,0
R32,Male,Clay,Munich,Germany,Munich,5,549,0,1,132,419,572,3130,2692,13029,756,4055,0
R32,Male,Clay,Munich,Germany,Munich,5,549,0,1,132,419,572,3130,2692,13029,756,4055,0
R32,Male,Clay,Munich,Germany,Munich,5,549,0,1,132,419,572,3130,2692,13029,756,4055,0
R32,Male,Clay,Munich,Germany,Munich,5,549,0,1,132,419,572,3130,2692,13029,756,4055,0
R32,Male,Clay,Munich,Germany,Munich,5,549,0,1,132,419,572,3130,2692,13029,756,4055,0
R32,Male,Clay,Munich,Germany,Munich,5,549,0,1,132,419,572,3130,2692,13029,756,4055,0
R32,Male,Clay,Munich,Germany,Munich,5,549,0,1,132,419,572,3130,2692,13029,756,4055,0
R32,Male,Clay,Munich,Germany,Munich,5,549,0,1,132,419,572,3130,2692,13029,756,4055,0
R32,Male,Clay,Munich,Germany,Munich,5,549,0,1,132,419,572,3130,2692,13029,756,4055,0
R32,Male,Clay,Munich,Germany,Munich,5,549,0,1,132,419,572,3130,2692,13029,756,4055,0
R32,Male,Clay,Munich,Germany,Munich,5,549,0,1,132,419,572,3130,2692,13029,756,4055,0
R32,Male,Clay,Munich,Germany,Munich,5,549,0,1,132,419,572,3130,2692,13029,756,4055,0
R32,Male,Clay,Munich,Germany,Munich,5,549,0,1,132,419,572,3130,2692,13029,756,4055,0
R32,Male,Clay,Munich,Germany,Munich,5,549,0,1,132,419,572,3130,2692,13029,756,4055,0
R32,Male,Clay,Munich,Germany,Munich,5,549,0,1,132,419,572,3130,2692,13029,756,4055,0
R32,Male,Clay,Munich,Germany,Munich,5,549,0,1,132,419,572,3130,2692,13029,756,4055,0
R32,Male,Clay,Munich,Germany,Munich,5,549,0,1,132,419,572,3130,2692,13029,756,4055,0
R32,Male,Clay,Munich,Germany,Munich,5,549,0,1,132,419,572,3130,2692,13029,756,4055,0
R32,Male,Clay,Munich,Germany,Munich,5,549,0,1,132,419,572,3130,2692,13029,756,4055,0
R32,Male,Clay,Munich,Germany,Munich,5,549,0,1,132,419,572,3130,2692,13029,756,4055,0
R32,Male,Clay,Munich,Germany,Munich,5,549,0,1,132,419,572,3130,2692,13029,756,4055,0
R32,Male,Clay,Munich,Germany,Munich,5,549,0,1,132,419,572,3130,2692,13029,756,4055,0
R32,Male,Clay,Munich,Germany,Munich,5,549,0,1,132,419,572,3130,2692,13029,756,4055,0
R32,Male,Clay,Munich,Germany,Munich,5,549,0,1,132,419,572,3130,2692,13029,756,4055,0
R32,Male,Clay,Munich,Germany,Munich,5,549,0,1,132,419,572,3130,2692,13029,756,4055,0
SF,Male,Hard,Montpellier,France,Montpellier,5,632,3,2,132,416,521,2405,2692,9635,579,1985,0
SF,Male,Hard,Montpellier,France,Montpellier,5,632,3,2,132,416,521,2405,2692,9635,579,1985,0
SF,Male,Hard,Montpellier,France,Montpellier,5,632,3,2,132,416,521,2405,2692,9635,579,1985,0
SF,Male,Hard,Montpellier,France,Montpellier,5,632,3,2,132,416,521,2405,2692,9635,579,1985,0
SF,Male,Hard,Montpellier,France,Montpellier,5,632,3,2,132,416,521,2405,2692,9635,579,1985,0
SF,Male,Hard,Montpellier,France,Montpellier,5,632,3,2,132,416,521,2405,2692,9635,579,1985,0
SF,Male,Hard,"Open Sud de France",France,Montpellier,5,632,3,2,132,416,521,2405,2692,9635,579,1985,0
SF,Male,Clay,"ATP Masters Series Hamburg",Germany,Hamburg,5,149,3,2,132,445,572,3144,2692,25099,756,8332,0
SF,Male,Clay,"ATP Masters Series Hamburg",Germany,Hamburg,5,149,3,2,132,445,572,3144,2692,25099,756,8332,0
SF,Male,Clay,"ATP Masters Series Hamburg",Germany,Hamburg,5,149,3,2,132,445,572,3144,2692,25099,756,8332,0
SF,Male,Clay,"ATP Masters Series Hamburg",Germany,Hamburg,5,149,3,2,132,445,572,3144,2692,25099,756,8332,0
SF,Male,Clay,"ATP Masters Series Hamburg",Germany,Hamburg,5,149,3,2,132,445,572,3144,2692,25099,756,8332,0
SF,Male,Clay,"ATP Masters Series Hamburg",Germany,Hamburg,5,149,3,2,132,445,572,3144,2692,25099,756,8332,0
SF,Male,Clay,"ATP Masters Series Hamburg",Germany,Hamburg,5,149,3,2,132,445,572,3144,2692,25099,756,8332,0
SF,Male,Clay,"ATP Masters Series Hamburg",Germany,Hamburg,5,149,3,2,132,445,572,3144,2692,25099,756,8332,0
SF,Male,Clay,"ATP Masters Series Hamburg",Germany,Hamburg,5,149,3,2,132,445,572,3144,2692,25099,756,8332,0
SF,Male,Clay,"ATP Masters Series Hamburg",Germany,Hamburg,5,149,3,2,132,445,572,3144,2692,25099,756,8332,0
SF,Male,Clay,"ATP Masters Series Hamburg",Germany,Hamburg,5,149,3,2,132,445,572,3144,2692,25099,756,8332,0
SF,Male,Clay,"ATP Masters Series Hamburg",Germany,Hamburg,5,149,3,2,132,445,572,3144,2692,25099,756,8332,0
SF,Male,Clay,"ATP Masters Series Hamburg",Germany,Hamburg,5,149,3,2,132,445,572,3144,2692,25099,756,8332,0
SF,Male,Clay,"ATP Masters Series Hamburg",Germany,Hamburg,5,149,3,2,132,445,572,3144,2692,25099,756,8332,0
SF,Male,Clay,"ATP Masters Series Hamburg",Germany,Hamburg,5,149,3,2,132,445,572,3144,2692,25099,756,8332,0
SF,Male,Clay,"ATP Masters Series Hamburg",Germany,Hamburg,5,149,3,2,132,445,572,3144,2692,25099,756,8332,0
SF,Male,Clay,"ATP Masters Series Hamburg",Germany,Hamburg,5,149,3,2,132,445,572,3144,2692,25099,756,8332,0
SF,Male,Clay,"ATP Masters Series Hamburg",Germany,Hamburg,5,149,3,2,132,445,572,3144,2692,25099,756,8332,0
SF,Male,Clay,"ATP Masters Series Hamburg",Germany,Hamburg,5,149,3,2,132,445,572,3144,2692,25099,756,8332,0
SF,Male,Clay,"German Tennis Championships 2017",Germany,Hamburg,5,149,3,2,132,445,572,3144,2692,25099,756,8332,0
SF,Male,Clay,Hamburg,Germany,Hamburg,5,149,3,2,132,445,572,3144,2692,25099,756,8332,0
SF,Male,Clay,Hamburg,Germany,Hamburg,5,149,3,2,132,445,572,3144,2692,25099,756,8332,0
SF,Male,Clay,Hamburg,Germany,Hamburg,5,149,3,2,132,445,572,3144,2692,25099,756,8332,0
SF,Male,Clay,Hamburg,Germany,Hamburg,5,149,3,2,132,445,572,3144,2692,25099,756,8332,0
SF,Male,Clay,Hamburg,Germany,Hamburg,5,149,3,2,132,445,572,3144,2692,25099,756,8332,0
SF,Male,Clay,Hamburg,Germany,Hamburg,5,149,3,2,132,445,572,3144,2692,25099,756,8332,0
SF,Male,Clay,Hamburg,Germany,Hamburg,5,149,3,2,132,445,572,3144,2692,25099,756,8332,0
SF,Male,Clay,Hamburg,Germany,Hamburg,5,149,3,2,132,445,572,3144,2692,25099,756,8332,0
SF,Male,Clay,Hamburg,Germany,Hamburg,5,149,3,2,132,445,572,3144,2692,25099,756,8332,0
SF,Male,Clay,Hamburg,Germany,Hamburg,5,149,3,2,132,445,572,3144,2692,25099,756,8332,0
SF,Male,Clay,Hamburg,Germany,Hamburg,5,149,3,2,132,445,572,3144,2692,25099,756,8332,0
SF,Male,Clay,Hamburg,Germany,Hamburg,5,149,3,2,132,445,572,3144,2692,25099,756,8332,0
SF,Male,Clay,Hamburg,Germany,Hamburg,5,149,3,2,132,445,572,3144,2692,25099,756,8332,0
SF,Male,Clay,Hamburg,Germany,Hamburg,5,149,3,2,132,445,572,3144,2692,25099,756,8332,0
SF,Male,Clay,Hamburg,Germany,Hamburg,5,149,3,2,132,445,572,3144,2692,25099,756,8332,0
SF,Male,Clay,Hamburg,Germany,Hamburg,5,149,3,2,132,445,572,3144,2692,25099,756,8332,0
SF,Male,Clay,Hamburg,Germany,Hamburg,5,149,3,2,132,445,572,3144,2692,25099,756,8332,0
SF,Male,Clay,Hamburg,Germany,Hamburg,5,149,3,2,132,445,572,3144,2692,25099,756,8332,0
SF,Male,Clay,Hamburg,Germany,Hamburg,5,149,3,2,132,445,572,3144,2692,25099,756,8332,0
SF,Male,Clay,Hamburg,Germany,Hamburg,5,149,3,2,132,445,572,3144,2692,25099,756,8332,0
SF,Male,Clay,Hamburg,Germany,Hamburg,5,149,3,2,132,445,572,3144,2692,25099,756,8332,0
SF,Male,Clay,Hamburg,Germany,Hamburg,5,149,3,2,132,445,572,3144,2692,25099,756,8332,0
SF,Male,Clay,Hamburg,Germany,Hamburg,5,149,3,2,132,445,572,3144,2692,25099,756,8332,0
SF,Male,Clay,Hamburg,Germany,Hamburg,5,149,3,2,132,445,572,3144,2692,25099,756,8332,0
SF,Male,Clay,Hamburg,Germany,Hamburg,5,149,3,2,132,445,572,3144,2692,25099,756,8332,0
SF,Male,Clay,Hamburg,Germany,Hamburg,5,149,3,2,132,445,572,3144,2692,25099,756,8332,0
SF,Male,Clay,Hamburg,Germany,Hamburg,5,149,3,2,132,445,572,3144,2692,25099,756,8332,0
SF,Male,Clay,Hamburg,Germany,Hamburg,5,149,3,2,132,445,572,3144,2692,25099,756,8332,0
SF,Male,Clay,Hamburg,Germany,Hamburg,5,149,3,2,132,445,572,3144,2692,25099,756,8332,0
SF,Male,Clay,Hamburg,Germany,Hamburg,5,149,3,2,132,445,572,3144,2692,25099,756,8332,0
QF,Male,Hard,Beijing,China,Beijing,5,149,3,2,132,445,521,2603,2692,25099,579,6019,0
QF,Male,Hard,Beijing,China,Beijing,5,149,3,2,132,445,521,2603,2692,25099,579,6019,0
QF,Male,Hard,Beijing,China,Beijing,5,149,3,2,132,445,521,2603,2692,25099,579,6019,0
QF,Male,Hard,Beijing,China,Beijing,5,149,3,2,132,445,521,2603,2692,25099,579,6019,0
QF,Male,Hard,Beijing,China,Beijing,5,149,3,2,132,445,521,2603,2692,25099,579,6019,0
QF,Male,Hard,Beijing,China,Beijing,5,149,3,2,132,445,521,2603,2692,25099,579,6019,0
QF,Male,Hard,Beijing,China,Beijing,5,149,3,2,132,445,521,2603,2692,25099,579,6019,0
QF,Male,Hard,Beijing,China,Beijing,5,149,3,2,132,445,521,2603,2692,25099,579,6019,0
QF,Male,Hard,Beijing,China,Beijing,5,149,3,2,132,445,521,2603,2692,25099,579,6019,0
QF,Male,Hard,Beijing,China,Beijing,5,149,3,2,132,445,521,2603,2692,25099,579,6019,0
QF,Male,Hard,Beijing,China,Beijing,5,149,3,2,132,445,521,2603,2692,25099,579,6019,0
QF,Male,Hard,Beijing,China,Beijing,5,149,3,2,132,445,521,2603,2692,25099,579,6019,0
QF,Male,Hard,Beijing,China,Beijing,5,149,3,2,132,445,521,2603,2692,25099,579,6019,0
QF,Male,Hard,"China Open",China,Beijing,5,149,3,2,132,445,521,2603,2692,25099,579,6019,0
SF,Male,Clay,Bastad,NULL,Bastad,5,231,0,2,132,441,572,3595,2692,19449,756,7758,0
SF,Male,Clay,Bastad,NULL,Bastad,5,231,0,2,132,441,572,3595,2692,19449,756,7758,0
SF,Male,Clay,Bastad,NULL,Bastad,5,231,0,2,132,441,572,3595,2692,19449,756,7758,0
SF,Male,Clay,Bastad,NULL,Bastad,5,231,0,2,132,441,572,3595,2692,19449,756,7758,0
SF,Male,Clay,Bastad,NULL,Bastad,5,231,0,2,132,441,572,3595,2692,19449,756,7758,0
SF,Male,Clay,Bastad,NULL,Bastad,5,231,0,2,132,441,572,3595,2692,19449,756,7758,0
SF,Male,Clay,Bastad,NULL,Bastad,5,231,0,2,132,441,572,3595,2692,19449,756,7758,0
SF,Male,Clay,Bastad,NULL,Bastad,5,231,0,2,132,441,572,3595,2692,19449,756,7758,0
SF,Male,Clay,Bastad,NULL,Bastad,5,231,0,2,132,441,572,3595,2692,19449,756,7758,0
SF,Male,Clay,Bastad,NULL,Bastad,5,231,0,2,132,441,572,3595,2692,19449,756,7758,0
SF,Male,Clay,Bastad,NULL,Bastad,5,231,0,2,132,441,572,3595,2692,19449,756,7758,0
SF,Male,Clay,Bastad,NULL,Bastad,5,231,0,2,132,441,572,3595,2692,19449,756,7758,0
SF,Male,Clay,Bastad,NULL,Bastad,5,231,0,2,132,441,572,3595,2692,19449,756,7758,0
SF,Male,Clay,Bastad,NULL,Bastad,5,231,0,2,132,441,572,3595,2692,19449,756,7758,0
SF,Male,Clay,Bastad,NULL,Bastad,5,231,0,2,132,441,572,3595,2692,19449,756,7758,0
SF,Male,Clay,Bastad,NULL,Bastad,5,231,0,2,132,441,572,3595,2692,19449,756,7758,0
SF,Male,Clay,Bastad,NULL,Bastad,5,231,0,2,132,441,572,3595,2692,19449,756,7758,0
SF,Male,Clay,Bastad,NULL,Bastad,5,231,0,2,132,441,572,3595,2692,19449,756,7758,0
SF,Male,Clay,Bastad,NULL,Bastad,5,231,0,2,132,441,572,3595,2692,19449,756,7758,0
SF,Male,Clay,Bastad,NULL,Bastad,5,231,0,2,132,441,572,3595,2692,19449,756,7758,0
SF,Male,Clay,Bastad,NULL,Bastad,5,231,0,2,132,441,572,3595,2692,19449,756,7758,0
SF,Male,Clay,Bastad,NULL,Bastad,5,231,0,2,132,441,572,3595,2692,19449,756,7758,0
SF,Male,Clay,Bastad,NULL,Bastad,5,231,0,2,132,441,572,3595,2692,19449,756,7758,0
SF,Male,Clay,Bastad,NULL,Bastad,5,231,0,2,132,441,572,3595,2692,19449,756,7758,0
SF,Male,Clay,Bastad,NULL,Bastad,5,231,0,2,132,441,572,3595,2692,19449,756,7758,0
SF,Male,Clay,Bastad,NULL,Bastad,5,231,0,2,132,441,572,3595,2692,19449,756,7758,0
SF,Male,Clay,Bastad,NULL,Bastad,5,231,0,2,132,441,572,3595,2692,19449,756,7758,0
SF,Male,Clay,Bastad,NULL,Bastad,5,231,0,2,132,441,572,3595,2692,19449,756,7758,0
SF,Male,Clay,Bastad,NULL,Bastad,5,231,0,2,132,441,572,3595,2692,19449,756,7758,0
SF,Male,Clay,Bastad,NULL,Bastad,5,231,0,2,132,441,572,3595,2692,19449,756,7758,0
SF,Male,Clay,Bastad,NULL,Bastad,5,231,0,2,132,441,572,3595,2692,19449,756,7758,0
SF,Male,Clay,Bastad,NULL,Bastad,5,231,0,2,132,441,572,3595,2692,19449,756,7758,0
SF,Male,Clay,Bastad,NULL,Bastad,5,231,0,2,132,441,572,3595,2692,19449,756,7758,0
SF,Male,Clay,Bastad,NULL,Bastad,5,231,0,2,132,441,572,3595,2692,19449,756,7758,0
SF,Male,Clay,Bastad,NULL,Bastad,5,231,0,2,132,441,572,3595,2692,19449,756,7758,0
SF,Male,Clay,Bastad,NULL,Bastad,5,231,0,2,132,441,572,3595,2692,19449,756,7758,0
SF,Male,Clay,Bastad,NULL,Bastad,5,231,0,2,132,441,572,3595,2692,19449,756,7758,0
SF,Male,Clay,Bastad,NULL,Bastad,5,231,0,2,132,441,572,3595,2692,19449,756,7758,0
SF,Male,Clay,Bastad,NULL,B†stad,5,231,0,2,132,441,572,3595,2692,19449,756,7758,0
SF,Male,Clay,Bastad,NULL,Bastad,5,231,0,2,132,441,572,3595,2692,19449,756,7758,0
SF,Male,Clay,Bastad,NULL,Bastad,5,231,0,2,132,441,572,3595,2692,19449,756,7758,0
SF,Male,Clay,Bastad,NULL,Bastad,5,231,0,2,132,441,572,3595,2692,19449,756,7758,0
SF,Male,Clay,Bastad,NULL,Bastad,5,231,0,2,132,441,572,3595,2692,19449,756,7758,0
SF,Male,Clay,Båstad,NULL,Bastad,5,231,0,2,132,441,572,3595,2692,19449,756,7758,0
SF,Male,Clay,Båstad,NULL,Bastad,5,231,0,2,132,441,572,3595,2692,19449,756,7758,0
SF,Male,Clay,Båstad,NULL,Bastad,5,231,0,2,132,441,572,3595,2692,19449,756,7758,0
SF,Male,Clay,Båstad,NULL,Bastad,5,231,0,2,132,441,572,3595,2692,19449,756,7758,0
SF,Male,Clay,"SkiStar Swedish Open",NULL,Bastad,5,231,0,2,132,441,572,3595,2692,19449,756,7758,0
R32,Male,Clay,"ATP Masters Series Hamburg",Germany,Hamburg,5,231,0,2,132,441,572,3595,2692,19449,756,7758,0
R32,Male,Clay,"ATP Masters Series Hamburg",Germany,Hamburg,5,231,0,2,132,441,572,3595,2692,19449,756,7758,0
R32,Male,Clay,"ATP Masters Series Hamburg",Germany,Hamburg,5,231,0,2,132,441,572,3595,2692,19449,756,7758,0
R32,Male,Clay,"ATP Masters Series Hamburg",Germany,Hamburg,5,231,0,2,132,441,572,3595,2692,19449,756,7758,0
R32,Male,Clay,"ATP Masters Series Hamburg",Germany,Hamburg,5,231,0,2,132,441,572,3595,2692,19449,756,7758,0
R32,Male,Clay,"ATP Masters Series Hamburg",Germany,Hamburg,5,231,0,2,132,441,572,3595,2692,19449,756,7758,0
R32,Male,Clay,"ATP Masters Series Hamburg",Germany,Hamburg,5,231,0,2,132,441,572,3595,2692,19449,756,7758,0
R32,Male,Clay,"ATP Masters Series Hamburg",Germany,Hamburg,5,231,0,2,132,441,572,3595,2692,19449,756,7758,0
R32,Male,Clay,"ATP Masters Series Hamburg",Germany,Hamburg,5,231,0,2,132,441,572,3595,2692,19449,756,7758,0
R32,Male,Clay,"ATP Masters Series Hamburg",Germany,Hamburg,5,231,0,2,132,441,572,3595,2692,19449,756,7758,0
R32,Male,Clay,"ATP Masters Series Hamburg",Germany,Hamburg,5,231,0,2,132,441,572,3595,2692,19449,756,7758,0
R32,Male,Clay,"ATP Masters Series Hamburg",Germany,Hamburg,5,231,0,2,132,441,572,3595,2692,19449,756,7758,0
R32,Male,Clay,"ATP Masters Series Hamburg",Germany,Hamburg,5,231,0,2,132,441,572,3595,2692,19449,756,7758,0
R32,Male,Clay,"ATP Masters Series Hamburg",Germany,Hamburg,5,231,0,2,132,441,572,3595,2692,19449,756,7758,0
R32,Male,Clay,"ATP Masters Series Hamburg",Germany,Hamburg,5,231,0,2,132,441,572,3595,2692,19449,756,7758,0
R32,Male,Clay,"ATP Masters Series Hamburg",Germany,Hamburg,5,231,0,2,132,441,572,3595,2692,19449,756,7758,0
R32,Male,Clay,"ATP Masters Series Hamburg",Germany,Hamburg,5,231,0,2,132,441,572,3595,2692,19449,756,7758,0
R32,Male,Clay,"ATP Masters Series Hamburg",Germany,Hamburg,5,231,0,2,132,441,572,3595,2692,19449,756,7758,0
R32,Male,Clay,"ATP Masters Series Hamburg",Germany,Hamburg,5,231,0,2,132,441,572,3595,2692,19449,756,7758,0
R32,Male,Clay,"German Tennis Championships 2017",Germany,Hamburg,5,231,0,2,132,441,572,3595,2692,19449,756,7758,0
R32,Male,Clay,Hamburg,Germany,Hamburg,5,231,0,2,132,441,572,3595,2692,19449,756,7758,0
R32,Male,Clay,Hamburg,Germany,Hamburg,5,231,0,2,132,441,572,3595,2692,19449,756,7758,0
R32,Male,Clay,Hamburg,Germany,Hamburg,5,231,0,2,132,441,572,3595,2692,19449,756,7758,0
R32,Male,Clay,Hamburg,Germany,Hamburg,5,231,0,2,132,441,572,3595,2692,19449,756,7758,0
R32,Male,Clay,Hamburg,Germany,Hamburg,5,231,0,2,132,441,572,3595,2692,19449,756,7758,0
R32,Male,Clay,Hamburg,Germany,Hamburg,5,231,0,2,132,441,572,3595,2692,19449,756,7758,0
R32,Male,Clay,Hamburg,Germany,Hamburg,5,231,0,2,132,441,572,3595,2692,19449,756,7758,0
R32,Male,Clay,Hamburg,Germany,Hamburg,5,231,0,2,132,441,572,3595,2692,19449,756,7758,0
R32,Male,Clay,Hamburg,Germany,Hamburg,5,231,0,2,132,441,572,3595,2692,19449,756,7758,0
R32,Male,Clay,Hamburg,Germany,Hamburg,5,231,0,2,132,441,572,3595,2692,19449,756,7758,0
R32,Male,Clay,Hamburg,Germany,Hamburg,5,231,0,2,132,441,572,3595,2692,19449,756,7758,0
R32,Male,Clay,Hamburg,Germany,Hamburg,5,231,0,2,132,441,572,3595,2692,19449,756,7758,0
R32,Male,Clay,Hamburg,Germany,Hamburg,5,231,0,2,132,441,572,3595,2692,19449,756,7758,0
R32,Male,Clay,Hamburg,Germany,Hamburg,5,231,0,2,132,441,572,3595,2692,19449,756,7758,0
R32,Male,Clay,Hamburg,Germany,Hamburg,5,231,0,2,132,441,572,3595,2692,19449,756,7758,0
R32,Male,Clay,Hamburg,Germany,Hamburg,5,231,0,2,132,441,572,3595,2692,19449,756,7758,0
R32,Male,Clay,Hamburg,Germany,Hamburg,5,231,0,2,132,441,572,3595,2692,19449,756,7758,0
R32,Male,Clay,Hamburg,Germany,Hamburg,5,231,0,2,132,441,572,3595,2692,19449,756,7758,0
R32,Male,Clay,Hamburg,Germany,Hamburg,5,231,0,2,132,441,572,3595,2692,19449,756,7758,0
R32,Male,Clay,Hamburg,Germany,Hamburg,5,231,0,2,132,441,572,3595,2692,19449,756,7758,0
R32,Male,Clay,Hamburg,Germany,Hamburg,5,231,0,2,132,441,572,3595,2692,19449,756,7758,0
R32,Male,Clay,Hamburg,Germany,Hamburg,5,231,0,2,132,441,572,3595,2692,19449,756,7758,0
R32,Male,Clay,Hamburg,Germany,Hamburg,5,231,0,2,132,441,572,3595,2692,19449,756,7758,0
R32,Male,Clay,Hamburg,Germany,Hamburg,5,231,0,2,132,441,572,3595,2692,19449,756,7758,0
R32,Male,Clay,Hamburg,Germany,Hamburg,5,231,0,2,132,441,572,3595,2692,19449,756,7758,0
R32,Male,Clay,Hamburg,Germany,Hamburg,5,231,0,2,132,441,572,3595,2692,19449,756,7758,0
R32,Male,Clay,Hamburg,Germany,Hamburg,5,231,0,2,132,441,572,3595,2692,19449,756,7758,0
R32,Male,Clay,Hamburg,Germany,Hamburg,5,231,0,2,132,441,572,3595,2692,19449,756,7758,0
R32,Male,Clay,Hamburg,Germany,Hamburg,5,231,0,2,132,441,572,3595,2692,19449,756,7758,0
R32,Male,Clay,Hamburg,Germany,Hamburg,5,231,0,2,132,441,572,3595,2692,19449,756,7758,0
F,Male,Grass,"Gerry Weber Open",NULL,Halle,5,286,0,1,132,377,899,3638,2692,8992,1290,4175,0
F,Male,Grass,Halle,NULL,Halle,5,286,0,1,132,377,899,3638,2692,8992,1290,4175,0
F,Male,Grass,Halle,NULL,Halle,5,286,0,1,132,377,899,3638,2692,8992,1290,4175,0
F,Male,Grass,Halle,NULL,Halle,5,286,0,1,132,377,899,3638,2692,8992,1290,4175,0
F,Male,Grass,Halle,NULL,Halle,5,286,0,1,132,377,899,3638,2692,8992,1290,4175,0
F,Male,Grass,Halle,NULL,Halle,5,286,0,1,132,377,899,3638,2692,8992,1290,4175,0
F,Male,Grass,Halle,NULL,Halle,5,286,0,1,132,377,899,3638,2692,8992,1290,4175,0
F,Male,Grass,Halle,NULL,Halle,5,286,0,1,132,377,899,3638,2692,8992,1290,4175,0
F,Male,Grass,Halle,NULL,Halle,5,286,0,1,132,377,899,3638,2692,8992,1290,4175,0
F,Male,Grass,Halle,NULL,Halle,5,286,0,1,132,377,899,3638,2692,8992,1290,4175,0
F,Male,Grass,Halle,NULL,Halle,5,286,0,1,132,377,899,3638,2692,8992,1290,4175,0
F,Male,Grass,Halle,NULL,Halle,5,286,0,1,132,377,899,3638,2692,8992,1290,4175,0
F,Male,Grass,Halle,NULL,Halle,5,286,0,1,132,377,899,3638,2692,8992,1290,4175,0
F,Male,Grass,Halle,NULL,Halle,5,286,0,1,132,377,899,3638,2692,8992,1290,4175,0
F,Male,Grass,Halle,NULL,Halle,5,286,0,1,132,377,899,3638,2692,8992,1290,4175,0
F,Male,Grass,Halle,NULL,Halle,5,286,0,1,132,377,899,3638,2692,8992,1290,4175,0
F,Male,Grass,Halle,NULL,Halle,5,286,0,1,132,377,899,3638,2692,8992,1290,4175,0
F,Male,Grass,Halle,NULL,Halle,5,286,0,1,132,377,899,3638,2692,8992,1290,4175,0
F,Male,Grass,Halle,NULL,Halle,5,286,0,1,132,377,899,3638,2692,8992,1290,4175,0
F,Male,Grass,Halle,NULL,Halle,5,286,0,1,132,377,899,3638,2692,8992,1290,4175,0
F,Male,Grass,Halle,NULL,Halle,5,286,0,1,132,377,899,3638,2692,8992,1290,4175,0
F,Male,Grass,Halle,NULL,Halle,5,286,0,1,132,377,899,3638,2692,8992,1290,4175,0
F,Male,Grass,Halle,NULL,Halle,5,286,0,1,132,377,899,3638,2692,8992,1290,4175,0
F,Male,Grass,Halle,NULL,Halle,5,286,0,1,132,377,899,3638,2692,8992,1290,4175,0
F,Male,Grass,Halle,NULL,Halle,5,286,0,1,132,377,899,3638,2692,8992,1290,4175,0
R16,Male,Clay,"BMW Open by FWU",Germany,Munich,5,37,2,3,132,435,572,3058,2692,15271,756,4543,0
R16,Male,Clay,Munich,Germany,Munich,5,37,2,3,132,435,572,3058,2692,15271,756,4543,0
R16,Male,Clay,Munich,Germany,Munich,5,37,2,3,132,435,572,3058,2692,15271,756,4543,0
R16,Male,Clay,Munich,Germany,Munich,5,37,2,3,132,435,572,3058,2692,15271,756,4543,0
R16,Male,Clay,Munich,Germany,Munich,5,37,2,3,132,435,572,3058,2692,15271,756,4543,0
R16,Male,Clay,Munich,Germany,Munich,5,37,2,3,132,435,572,3058,2692,15271,756,4543,0
R16,Male,Clay,Munich,Germany,Munich,5,37,2,3,132,435,572,3058,2692,15271,756,4543,0
R16,Male,Clay,Munich,Germany,Munich,5,37,2,3,132,435,572,3058,2692,15271,756,4543,0
R16,Male,Clay,Munich,Germany,Munich,5,37,2,3,132,435,572,3058,2692,15271,756,4543,0
R16,Male,Clay,Munich,Germany,Munich,5,37,2,3,132,435,572,3058,2692,15271,756,4543,0
R16,Male,Clay,Munich,Germany,Munich,5,37,2,3,132,435,572,3058,2692,15271,756,4543,0
R16,Male,Clay,Munich,Germany,Munich,5,37,2,3,132,435,572,3058,2692,15271,756,4543,0
R16,Male,Clay,Munich,Germany,Munich,5,37,2,3,132,435,572,3058,2692,15271,756,4543,0
R16,Male,Clay,Munich,Germany,Munich,5,37,2,3,132,435,572,3058,2692,15271,756,4543,0
R16,Male,Clay,Munich,Germany,Munich,5,37,2,3,132,435,572,3058,2692,15271,756,4543,0
R16,Male,Clay,Munich,Germany,Munich,5,37,2,3,132,435,572,3058,2692,15271,756,4543,0
R16,Male,Clay,Munich,Germany,Munich,5,37,2,3,132,435,572,3058,2692,15271,756,4543,0
R16,Male,Clay,Munich,Germany,Munich,5,37,2,3,132,435,572,3058,2692,15271,756,4543,0
R16,Male,Clay,Munich,Germany,Munich,5,37,2,3,132,435,572,3058,2692,15271,756,4543,0
R16,Male,Clay,Munich,Germany,Munich,5,37,2,3,132,435,572,3058,2692,15271,756,4543,0
R16,Male,Clay,Munich,Germany,Munich,5,37,2,3,132,435,572,3058,2692,15271,756,4543,0
R16,Male,Clay,Munich,Germany,Munich,5,37,2,3,132,435,572,3058,2692,15271,756,4543,0
R16,Male,Clay,Munich,Germany,Munich,5,37,2,3,132,435,572,3058,2692,15271,756,4543,0
R16,Male,Clay,Munich,Germany,Munich,5,37,2,3,132,435,572,3058,2692,15271,756,4543,0
R16,Male,Clay,Munich,Germany,Munich,5,37,2,3,132,435,572,3058,2692,15271,756,4543,0
R16,Male,Clay,Munich,Germany,Munich,5,37,2,3,132,435,572,3058,2692,15271,756,4543,0
R16,Male,Clay,Munich,Germany,Munich,5,37,2,3,132,435,572,3058,2692,15271,756,4543,0
R16,Male,Clay,Munich,Germany,Munich,5,37,2,3,132,435,572,3058,2692,15271,756,4543,0
R16,Male,Clay,Munich,Germany,Munich,5,37,2,3,132,435,572,3058,2692,15271,756,4543,0
R16,Male,Clay,Munich,Germany,Munich,5,37,2,3,132,435,572,3058,2692,15271,756,4543,0
R16,Male,Clay,Munich,Germany,Munich,5,37,2,3,132,435,572,3058,2692,15271,756,4543,0
R16,Male,Clay,Munich,Germany,Munich,5,37,2,3,132,435,572,3058,2692,15271,756,4543,0
R16,Male,Clay,Munich,Germany,Munich,5,37,2,3,132,435,572,3058,2692,15271,756,4543,0
R16,Male,Clay,Munich,Germany,Munich,5,37,2,3,132,435,572,3058,2692,15271,756,4543,0
R16,Male,Clay,Munich,Germany,Munich,5,37,2,3,132,435,572,3058,2692,15271,756,4543,0
R16,Male,Clay,Munich,Germany,Munich,5,37,2,3,132,435,572,3058,2692,15271,756,4543,0
R16,Male,Clay,Munich,Germany,Munich,5,37,2,3,132,435,572,3058,2692,15271,756,4543,0
R16,Male,Clay,Munich,Germany,Munich,5,37,2,3,132,435,572,3058,2692,15271,756,4543,0
R16,Male,Clay,Munich,Germany,Munich,5,37,2,3,132,435,572,3058,2692,15271,756,4543,0
R16,Male,Clay,Munich,Germany,Munich,5,37,2,3,132,435,572,3058,2692,15271,756,4543,0
R16,Male,Clay,Munich,Germany,Munich,5,37,2,3,132,435,572,3058,2692,15271,756,4543,0
R16,Male,Clay,Munich,Germany,Munich,5,37,2,3,132,435,572,3058,2692,15271,756,4543,0
R16,Male,Clay,Munich,Germany,Munich,5,37,2,3,132,435,572,3058,2692,15271,756,4543,0
R16,Male,Clay,Munich,Germany,Munich,5,37,2,3,132,435,572,3058,2692,15271,756,4543,0
R128,Male,Grass,"US Championships","United Kingdom",Newport,5,37,2,3,132,435,899,4512,2692,15271,1290,5910,0
R128,Male,Grass,"US Championships","United Kingdom",Newport,5,37,2,3,132,435,899,4512,2692,15271,1290,5910,0
R128,Male,Grass,"US Championships","United Kingdom",Newport,5,37,2,3,132,435,899,4512,2692,15271,1290,5910,0
R128,Male,Grass,"US Championships","United Kingdom",Newport,5,37,2,3,132,435,899,4512,2692,15271,1290,5910,0
R128,Male,Grass,"US Championships","United Kingdom",Newport,5,37,2,3,132,435,899,4512,2692,15271,1290,5910,0
R128,Male,Grass,"US Championships","United Kingdom",Newport,5,37,2,3,132,435,899,4512,2692,15271,1290,5910,0
R128,Male,Grass,"US Championships","United Kingdom",Newport,5,37,2,3,132,435,899,4512,2692,15271,1290,5910,0
R128,Male,Grass,"US Championships","United Kingdom",Newport,5,37,2,3,132,435,899,4512,2692,15271,1290,5910,0
R128,Male,Grass,"US Championships","United Kingdom",Newport,5,37,2,3,132,435,899,4512,2692,15271,1290,5910,0
R128,Male,Grass,"US Championships","United Kingdom",Newport,5,37,2,3,132,435,899,4512,2692,15271,1290,5910,0
R128,Male,Grass,"US Championships","United Kingdom",Newport,5,37,2,3,132,435,899,4512,2692,15271,1290,5910,0
R128,Male,Grass,"US Championships","United Kingdom",Newport,5,37,2,3,132,435,899,4512,2692,15271,1290,5910,0
R128,Male,Grass,"US Championships","United Kingdom",Newport,5,37,2,3,132,435,899,4512,2692,15271,1290,5910,0
R128,Male,Grass,"US Championships","United Kingdom",Newport,5,37,2,3,132,435,899,4512,2692,15271,1290,5910,0
R128,Male,Grass,"US Championships","United Kingdom",Newport,5,37,2,3,132,435,899,4512,2692,15271,1290,5910,0
R128,Male,Grass,"US Championships","United Kingdom",Newport,5,37,2,3,132,435,899,4512,2692,15271,1290,5910,0
R128,Male,Grass,"US Championships","United Kingdom",Newport,5,37,2,3,132,435,899,4512,2692,15271,1290,5910,0
R128,Male,Grass,"US Championships","United Kingdom",Newport,5,37,2,3,132,435,899,4512,2692,15271,1290,5910,0
R128,Male,Grass,"US Championships","United Kingdom",Newport,5,37,2,3,132,435,899,4512,2692,15271,1290,5910,0
R128,Male,Grass,"US Championships","United Kingdom",Newport,5,37,2,3,132,435,899,4512,2692,15271,1290,5910,0
R128,Male,Grass,"US Championships","United Kingdom",Newport,5,37,2,3,132,435,899,4512,2692,15271,1290,5910,0
R128,Male,Grass,"US Championships","United Kingdom",Newport,5,37,2,3,132,435,899,4512,2692,15271,1290,5910,0
R128,Male,Grass,"US Championships","United Kingdom",Newport,5,37,2,3,132,435,899,4512,2692,15271,1290,5910,0
R128,Male,Grass,"US Championships","United Kingdom",Newport,5,37,2,3,132,435,899,4512,2692,15271,1290,5910,0
R128,Male,Grass,"US Championships","United Kingdom",Newport,5,37,2,3,132,435,899,4512,2692,15271,1290,5910,0
R128,Male,Grass,"US Championships","United Kingdom",Newport,5,37,2,3,132,435,899,4512,2692,15271,1290,5910,0
R128,Male,Grass,"US Championships","United Kingdom",Newport,5,37,2,3,132,435,899,4512,2692,15271,1290,5910,0
R128,Male,Grass,"US Championships","United Kingdom",Newport,5,37,2,3,132,435,899,4512,2692,15271,1290,5910,0
R128,Male,Grass,"US Championships","United Kingdom",Newport,5,37,2,3,132,435,899,4512,2692,15271,1290,5910,0
R128,Male,Grass,"US Championships","United Kingdom",Newport,5,37,2,3,132,435,899,4512,2692,15271,1290,5910,0
R128,Male,Grass,"US Championships","United Kingdom",Newport,5,37,2,3,132,435,899,4512,2692,15271,1290,5910,0
R128,Male,Grass,"US Championships","United Kingdom",Newport,5,37,2,3,132,435,899,4512,2692,15271,1290,5910,0
R128,Male,Grass,"US Championships",NULL,"Newport, Rhode Island, United States",5,37,2,3,132,435,899,4512,2692,15271,1290,5910,0
R128,Male,Grass,"US Championships",NULL,"Newport, Rhode Island, United States",5,37,2,3,132,435,899,4512,2692,15271,1290,5910,0
R128,Male,Grass,"US Championships","United States","New York",5,37,2,3,132,435,899,4512,2692,15271,1290,5910,0
R128,Male,Grass,"US Championships","United States","New York",5,37,2,3,132,435,899,4512,2692,15271,1290,5910,0
R128,Male,Grass,"US Championships","United States","New York",5,37,2,3,132,435,899,4512,2692,15271,1290,5910,0
R128,Male,Grass,"US Championships","United States","New York",5,37,2,3,132,435,899,4512,2692,15271,1290,5910,0
R128,Male,Grass,"US Championships","United States","New York",5,37,2,3,132,435,899,4512,2692,15271,1290,5910,0
R128,Male,Grass,"US Championships","United States","New York",5,37,2,3,132,435,899,4512,2692,15271,1290,5910,0
R128,Male,Grass,"US Championships",NULL,"Philadelphia, PA, United States",5,37,2,3,132,435,899,4512,2692,15271,1290,5910,0
R128,Male,Grass,"US Championships",NULL,"Philadelphia, PA, United States",5,37,2,3,132,435,899,4512,2692,15271,1290,5910,0
R128,Male,Grass,"US Championships",NULL,"Philadelphia, PA, United States",5,37,2,3,132,435,899,4512,2692,15271,1290,5910,0
R128,Male,Grass,"US Championships","United States","New York",5,37,2,3,132,435,899,4512,2692,15271,1290,5910,0
R128,Male,Grass,"US Championships","United States","New York",5,37,2,3,132,435,899,4512,2692,15271,1290,5910,0
R128,Male,Grass,"US Championships","United States","New York",5,37,2,3,132,435,899,4512,2692,15271,1290,5910,0
R128,Male,Grass,"US Championships","United States","New York",5,37,2,3,132,435,899,4512,2692,15271,1290,5910,0
R128,Male,Grass,"US Championships","United States","New York",5,37,2,3,132,435,899,4512,2692,15271,1290,5910,0
R128,Male,Grass,"US Championships","United States","New York",5,37,2,3,132,435,899,4512,2692,15271,1290,5910,0
R128,Male,Grass,"US Championships","United States","New York",5,37,2,3,132,435,899,4512,2692,15271,1290,5910,0
R128,Male,Grass,"US Championships","United States","New York",5,37,2,3,132,435,899,4512,2692,15271,1290,5910,0
R128,Male,Grass,"US Championships","United States","New York",5,37,2,3,132,435,899,4512,2692,15271,1290,5910,0
R128,Male,Grass,"US Championships","United States","New York",5,37,2,3,132,435,899,4512,2692,15271,1290,5910,0
R128,Male,Grass,"US Championships","United States","New York",5,37,2,3,132,435,899,4512,2692,15271,1290,5910,0
R128,Male,Grass,"US Championships","United States","New York",5,37,2,3,132,435,899,4512,2692,15271,1290,5910,0
R128,Male,Grass,"US Championships","United States","New York",5,37,2,3,132,435,899,4512,2692,15271,1290,5910,0
R128,Male,Grass,"US Championships","United States","New York",5,37,2,3,132,435,899,4512,2692,15271,1290,5910,0
R128,Male,Grass,"US Championships","United States","New York",5,37,2,3,132,435,899,4512,2692,15271,1290,5910,0
R128,Male,Grass,"US Championships","United States","New York",5,37,2,3,132,435,899,4512,2692,15271,1290,5910,0
R128,Male,Grass,"US Championships","United States","New York",5,37,2,3,132,435,899,4512,2692,15271,1290,5910,0
R128,Male,Grass,"US Championships","United States","New York",5,37,2,3,132,435,899,4512,2692,15271,1290,5910,0
R128,Male,Grass,"US Championships","United States","New York",5,37,2,3,132,435,899,4512,2692,15271,1290,5910,0
R128,Male,Grass,"US Championships","United States","New York",5,37,2,3,132,435,899,4512,2692,15271,1290,5910,0
R128,Male,Grass,"US Championships","United States","New York",5,37,2,3,132,435,899,4512,2692,15271,1290,5910,0
R128,Male,Grass,"US Championships","United States","New York",5,37,2,3,132,435,899,4512,2692,15271,1290,5910,0
R128,Male,Grass,"US Championships","United States","New York",5,37,2,3,132,435,899,4512,2692,15271,1290,5910,0
R128,Male,Grass,"US Championships","United States","New York",5,37,2,3,132,435,899,4512,2692,15271,1290,5910,0
R128,Male,Grass,"US Championships","United States","New York",5,37,2,3,132,435,899,4512,2692,15271,1290,5910,0
R128,Male,Grass,"US Championships","United States","New York",5,37,2,3,132,435,899,4512,2692,15271,1290,5910,0
R128,Male,Grass,"US Championships","United States","New York",5,37,2,3,132,435,899,4512,2692,15271,1290,5910,0
R128,Male,Grass,"US Championships","United States","New York",5,37,2,3,132,435,899,4512,2692,15271,1290,5910,0
R128,Male,Grass,"US Championships","United States","New York",5,37,2,3,132,435,899,4512,2692,15271,1290,5910,0
R128,Male,Grass,"US Championships","United States","New York",5,37,2,3,132,435,899,4512,2692,15271,1290,5910,0
R128,Male,Grass,"US Championships","United States","New York",5,37,2,3,132,435,899,4512,2692,15271,1290,5910,0
R128,Male,Grass,"US Championships","United States","New York",5,37,2,3,132,435,899,4512,2692,15271,1290,5910,0
R128,Male,Grass,"US Championships","United States","New York",5,37,2,3,132,435,899,4512,2692,15271,1290,5910,0
R128,Male,Grass,"US Championships","United States","New York",5,37,2,3,132,435,899,4512,2692,15271,1290,5910,0
R128,Male,Grass,"US Championships","United States","New York",5,37,2,3,132,435,899,4512,2692,15271,1290,5910,0
R128,Male,Grass,"US Championships","United States","New York",5,37,2,3,132,435,899,4512,2692,15271,1290,5910,0
R128,Male,Grass,"US Championships","United States","New York",5,37,2,3,132,435,899,4512,2692,15271,1290,5910,0
R128,Male,Grass,"US Championships","United States","New York",5,37,2,3,132,435,899,4512,2692,15271,1290,5910,0
R128,Male,Grass,"US Championships","United States","New York",5,37,2,3,132,435,899,4512,2692,15271,1290,5910,0
R128,Male,Grass,"US Championships","United States","New York",5,37,2,3,132,435,899,4512,2692,15271,1290,5910,0
R128,Male,Grass,"US Championships","United States","New York",5,37,2,3,132,435,899,4512,2692,15271,1290,5910,0
R128,Male,Grass,"US Championships","United States","New York",5,37,2,3,132,435,899,4512,2692,15271,1290,5910,0
R128,Male,Grass,"US Championships","United States","New York",5,37,2,3,132,435,899,4512,2692,15271,1290,5910,0
R128,Male,Grass,"US Championships","United States","New York",5,37,2,3,132,435,899,4512,2692,15271,1290,5910,0
R128,Male,Grass,"US Open","United States","New York",5,37,2,3,132,435,899,4512,2692,15271,1290,5910,0
R128,Male,Grass,"US Open","United States","New York",5,37,2,3,132,435,899,4512,2692,15271,1290,5910,0
R128,Male,Grass,"US Open","United States","New York",5,37,2,3,132,435,899,4512,2692,15271,1290,5910,0
R128,Male,Grass,"US Open","United States","New York",5,37,2,3,132,435,899,4512,2692,15271,1290,5910,0
R128,Male,Grass,"US Open","United States","New York",5,37,2,3,132,435,899,4512,2692,15271,1290,5910,0
R128,Male,Grass,"US Open","United States","New York",5,37,2,3,132,435,899,4512,2692,15271,1290,5910,0
R128,Male,Grass,"US Open","United States","New York",5,37,2,3,132,435,899,4512,2692,15271,1290,5910,0
R128,Male,Hard,"US Open","United States","New York",5,37,2,3,132,435,521,3055,2692,15271,579,4188,0
R128,Male,Clay,"US Open","United States","New York",5,37,2,3,132,435,572,3058,2692,15271,756,4543,0
R128,Male,Clay,"US Open","United States","New York",5,37,2,3,132,435,572,3058,2692,15271,756,4543,0
R128,Male,Hard,"US Open","United States","New York",5,37,2,3,132,435,521,3055,2692,15271,579,4188,0
R128,Male,Hard,"US Open","United States","New York",5,37,2,3,132,435,521,3055,2692,15271,579,4188,0
R128,Male,Hard,"US Open","United States","New York",5,37,2,3,132,435,521,3055,2692,15271,579,4188,0
R128,Male,Hard,"US Open","United States","New York",5,37,2,3,132,435,521,3055,2692,15271,579,4188,0
R128,Male,Hard,"US Open","United States","New York",5,37,2,3,132,435,521,3055,2692,15271,579,4188,0
R128,Male,Hard,"US Open","United States","New York",5,37,2,3,132,435,521,3055,2692,15271,579,4188,0
R128,Male,Hard,"US Open","United States","New York",5,37,2,3,132,435,521,3055,2692,15271,579,4188,0
R128,Male,Hard,"US Open","United States","New York",5,37,2,3,132,435,521,3055,2692,15271,579,4188,0
R128,Male,Hard,"US Open","United States","New York",5,37,2,3,132,435,521,3055,2692,15271,579,4188,0
R128,Male,Hard,"US Open","United States","New York",5,37,2,3,132,435,521,3055,2692,15271,579,4188,0
R128,Male,Hard,"US Open","United States","New York",5,37,2,3,132,435,521,3055,2692,15271,579,4188,0
R128,Male,Hard,"US Open","United States","New York",5,37,2,3,132,435,521,3055,2692,15271,579,4188,0
R128,Male,Hard,"US Open","United States","New York",5,37,2,3,132,435,521,3055,2692,15271,579,4188,0
R128,Male,Hard,"US Open","United States","New York",5,37,2,3,132,435,521,3055,2692,15271,579,4188,0
R128,Male,Hard,"US Open","United States","New York",5,37,2,3,132,435,521,3055,2692,15271,579,4188,0
R128,Male,Hard,"US Open","United States","New York",5,37,2,3,132,435,521,3055,2692,15271,579,4188,0
R128,Male,Hard,"US Open","United States","New York",5,37,2,3,132,435,521,3055,2692,15271,579,4188,0
R128,Male,Hard,"US Open","United States","New York",5,37,2,3,132,435,521,3055,2692,15271,579,4188,0
R128,Male,Hard,"US Open","United States","New York",5,37,2,3,132,435,521,3055,2692,15271,579,4188,0
R128,Male,Hard,"US Open","United States","New York",5,37,2,3,132,435,521,3055,2692,15271,579,4188,0
R128,Male,Hard,"US Open","United States","New York",5,37,2,3,132,435,521,3055,2692,15271,579,4188,0
R128,Male,Hard,"US Open","United States","New York",5,37,2,3,132,435,521,3055,2692,15271,579,4188,0
R128,Male,Hard,"US Open","United States","New York",5,37,2,3,132,435,521,3055,2692,15271,579,4188,0
R128,Male,Hard,"US Open","United States","New York",5,37,2,3,132,435,521,3055,2692,15271,579,4188,0
R128,Male,Hard,"US Open","United States","New York",5,37,2,3,132,435,521,3055,2692,15271,579,4188,0
R128,Male,Hard,"US Open","United States","New York",5,37,2,3,132,435,521,3055,2692,15271,579,4188,0
R128,Male,Hard,"US Open","United States","New York",5,37,2,3,132,435,521,3055,2692,15271,579,4188,0
R128,Male,Hard,"US Open","United States","New York",5,37,2,3,132,435,521,3055,2692,15271,579,4188,0
R128,Male,Hard,"US Open","United States","New York",5,37,2,3,132,435,521,3055,2692,15271,579,4188,0
R128,Male,Hard,"US Open","United States","New York",5,37,2,3,132,435,521,3055,2692,15271,579,4188,0
R128,Male,Hard,"US Open","United States","New York",5,37,2,3,132,435,521,3055,2692,15271,579,4188,0
R128,Male,Hard,"US Open","United States","New York",5,37,2,3,132,435,521,3055,2692,15271,579,4188,0
R128,Male,Hard,"US Open","United States","New York",5,37,2,3,132,435,521,3055,2692,15271,579,4188,0
R128,Male,Hard,"US Open","United States","New York",5,37,2,3,132,435,521,3055,2692,15271,579,4188,0
R128,Male,Hard,"US Open","United States","New York",5,37,2,3,132,435,521,3055,2692,15271,579,4188,0
R128,Male,Hard,"US Open","United States","New York",5,37,2,3,132,435,521,3055,2692,15271,579,4188,0
R128,Male,Hard,"US Open",NULL,"New York City",5,37,2,3,132,435,521,3055,2692,15271,579,4188,0
R128,Male,Hard,"US Open","United States","New York",5,37,2,3,132,435,521,3055,2692,15271,579,4188,0
R128,Male,Hard,"US Open","United States","New York",5,37,2,3,132,435,521,3055,2692,15271,579,4188,0
R128,Male,Hard,"US Open","United States","New York",5,37,2,3,132,435,521,3055,2692,15271,579,4188,0
R32,Male,Hard,Metz,France,Metz,5,28,1,2,132,438,521,2732,2692,17793,579,3690,0
R32,Male,Hard,Metz,France,Metz,5,28,1,2,132,438,521,2732,2692,17793,579,3690,0
R32,Male,Hard,Metz,France,Metz,5,28,1,2,132,438,521,2732,2692,17793,579,3690,0
R32,Male,Hard,Metz,France,Metz,5,28,1,2,132,438,521,2732,2692,17793,579,3690,0
R32,Male,Hard,Metz,France,Metz,5,28,1,2,132,438,521,2732,2692,17793,579,3690,0
R32,Male,Hard,Metz,France,Metz,5,28,1,2,132,438,521,2732,2692,17793,579,3690,0
R32,Male,Hard,Metz,France,Metz,5,28,1,2,132,438,521,2732,2692,17793,579,3690,0
R32,Male,Hard,Metz,France,Metz,5,28,1,2,132,438,521,2732,2692,17793,579,3690,0
R32,Male,Hard,Metz,France,Metz,5,28,1,2,132,438,521,2732,2692,17793,579,3690,0
R32,Male,Hard,Metz,France,Metz,5,28,1,2,132,438,521,2732,2692,17793,579,3690,0
R32,Male,Hard,Metz,France,Metz,5,28,1,2,132,438,521,2732,2692,17793,579,3690,0
R32,Male,Hard,Metz,France,Metz,5,28,1,2,132,438,521,2732,2692,17793,579,3690,0
R32,Male,Hard,Metz,France,Metz,5,28,1,2,132,438,521,2732,2692,17793,579,3690,0
R32,Male,Hard,Metz,France,Metz,5,28,1,2,132,438,521,2732,2692,17793,579,3690,0
R32,Male,Hard,"Moselle Open",France,Metz,5,28,1,2,132,438,521,2732,2692,17793,579,3690,0
R16,Male,Clay,Barcelona,Spain,Barcelona,5,63,3,1,132,369,572,486,2692,1651,756,313,0
R16,Male,Clay,Barcelona,Spain,Barcelona,5,63,3,1,132,369,572,486,2692,1651,756,313,0
R16,Male,Clay,Barcelona,Spain,Barcelona,5,63,3,1,132,369,572,486,2692,1651,756,313,0
R16,Male,Clay,Barcelona,Spain,Barcelona,5,63,3,1,132,369,572,486,2692,1651,756,313,0
R16,Male,Hard,Barcelona,Spain,Barcelona,5,63,3,1,132,369,521,868,2692,1651,579,536,0
R16,Male,Clay,Barcelona,Spain,Barcelona,5,63,3,1,132,369,572,486,2692,1651,756,313,0
R16,Male,Clay,Barcelona,Spain,Barcelona,5,63,3,1,132,369,572,486,2692,1651,756,313,0
R16,Male,Clay,Barcelona,Spain,Barcelona,5,63,3,1,132,369,572,486,2692,1651,756,313,0
R16,Male,Clay,Barcelona,Spain,Barcelona,5,63,3,1,132,369,572,486,2692,1651,756,313,0
R16,Male,Clay,Barcelona,Spain,Barcelona,5,63,3,1,132,369,572,486,2692,1651,756,313,0
R16,Male,Clay,Barcelona,Spain,Barcelona,5,63,3,1,132,369,572,486,2692,1651,756,313,0
R16,Male,Clay,Barcelona,Spain,Barcelona,5,63,3,1,132,369,572,486,2692,1651,756,313,0
R16,Male,Clay,Barcelona,Spain,Barcelona,5,63,3,1,132,369,572,486,2692,1651,756,313,0
R16,Male,Clay,Barcelona,Spain,Barcelona,5,63,3,1,132,369,572,486,2692,1651,756,313,0
R16,Male,Clay,Barcelona,Spain,Barcelona,5,63,3,1,132,369,572,486,2692,1651,756,313,0
R16,Male,Clay,Barcelona,Spain,Barcelona,5,63,3,1,132,369,572,486,2692,1651,756,313,0
R16,Male,Clay,Barcelona,Spain,Barcelona,5,63,3,1,132,369,572,486,2692,1651,756,313,0
R16,Male,Clay,Barcelona,Spain,Barcelona,5,63,3,1,132,369,572,486,2692,1651,756,313,0
R16,Male,Clay,Barcelona,Spain,Barcelona,5,63,3,1,132,369,572,486,2692,1651,756,313,0
R16,Male,Clay,Barcelona,Spain,Barcelona,5,63,3,1,132,369,572,486,2692,1651,756,313,0
R16,Male,Clay,Barcelona,Spain,Barcelona,5,63,3,1,132,369,572,486,2692,1651,756,313,0
R16,Male,Clay,Barcelona,Spain,Barcelona,5,63,3,1,132,369,572,486,2692,1651,756,313,0
R16,Male,Clay,Barcelona,Spain,Barcelona,5,63,3,1,132,369,572,486,2692,1651,756,313,0
R16,Male,Clay,Barcelona,Spain,Barcelona,5,63,3,1,132,369,572,486,2692,1651,756,313,0
R16,Male,Clay,Barcelona,Spain,Barcelona,5,63,3,1,132,369,572,486,2692,1651,756,313,0
R16,Male,Clay,Barcelona,Spain,Barcelona,5,63,3,1,132,369,572,486,2692,1651,756,313,0
R16,Male,Clay,Barcelona,Spain,Barcelona,5,63,3,1,132,369,572,486,2692,1651,756,313,0
R16,Male,Clay,Barcelona,Spain,Barcelona,5,63,3,1,132,369,572,486,2692,1651,756,313,0
R16,Male,Clay,Barcelona,Spain,Barcelona,5,63,3,1,132,369,572,486,2692,1651,756,313,0
R16,Male,Clay,Barcelona,Spain,Barcelona,5,63,3,1,132,369,572,486,2692,1651,756,313,0
R16,Male,Clay,Barcelona,Spain,Barcelona,5,63,3,1,132,369,572,486,2692,1651,756,313,0
R16,Male,Clay,Barcelona,Spain,Barcelona,5,63,3,1,132,369,572,486,2692,1651,756,313,0
R16,Male,Clay,Barcelona,Spain,Barcelona,5,63,3,1,132,369,572,486,2692,1651,756,313,0
R16,Male,Clay,Barcelona,Spain,Barcelona,5,63,3,1,132,369,572,486,2692,1651,756,313,0
R16,Male,Clay,Barcelona,Spain,Barcelona,5,63,3,1,132,369,572,486,2692,1651,756,313,0
R16,Male,Clay,Barcelona,Spain,Barcelona,5,63,3,1,132,369,572,486,2692,1651,756,313,0
R16,Male,Clay,Barcelona,Spain,Barcelona,5,63,3,1,132,369,572,486,2692,1651,756,313,0
R16,Male,Clay,Barcelona,Spain,Barcelona,5,63,3,1,132,369,572,486,2692,1651,756,313,0
R16,Male,Clay,Barcelona,Spain,Barcelona,5,63,3,1,132,369,572,486,2692,1651,756,313,0
R16,Male,Clay,Barcelona,Spain,Barcelona,5,63,3,1,132,369,572,486,2692,1651,756,313,0
R16,Male,Clay,Barcelona,Spain,Barcelona,5,63,3,1,132,369,572,486,2692,1651,756,313,0
R16,Male,Clay,Barcelona,Spain,Barcelona,5,63,3,1,132,369,572,486,2692,1651,756,313,0
R16,Male,Clay,Barcelona,Spain,Barcelona,5,63,3,1,132,369,572,486,2692,1651,756,313,0
R16,Male,Clay,Barcelona,Spain,Barcelona,5,63,3,1,132,369,572,486,2692,1651,756,313,0
R16,Male,Clay,Barcelona,Spain,Barcelona,5,63,3,1,132,369,572,486,2692,1651,756,313,0
R16,Male,Clay,Barcelona,Spain,Barcelona,5,63,3,1,132,369,572,486,2692,1651,756,313,0
R16,Male,Clay,"Barcelona Open Banc Sabadell",Spain,Barcelona,5,63,3,1,132,369,572,486,2692,1651,756,313,0
R16,Male,Clay,"Barcelona WCT",Spain,Barcelona,5,63,3,1,132,369,572,486,2692,1651,756,313,0
R16,Male,Grass,"Aegon International",NULL,Eastbourne,5,92,1,1,132,324,899,4102,2692,12386,1290,5959,0
R16,Male,Grass,Eastbourne,NULL,Eastbourne,5,92,1,1,132,324,899,4102,2692,12386,1290,5959,0
R16,Male,Grass,Eastbourne,NULL,Eastbourne,5,92,1,1,132,324,899,4102,2692,12386,1290,5959,0
R16,Male,Grass,Eastbourne,NULL,Eastbourne,5,92,1,1,132,324,899,4102,2692,12386,1290,5959,0
R16,Male,Grass,Eastbourne,NULL,Eastbourne,5,92,1,1,132,324,899,4102,2692,12386,1290,5959,0
R16,Male,Grass,Eastbourne,NULL,Eastbourne,5,92,1,1,132,324,899,4102,2692,12386,1290,5959,0
R16,Male,Grass,Eastbourne,NULL,Eastbourne,5,92,1,1,132,324,899,4102,2692,12386,1290,5959,0
R16,Male,Grass,Nottingham,"United Kingdom",Nottingham,5,92,1,1,132,324,899,4102,2692,12386,1290,5959,0
R16,Male,Grass,Nottingham,"United Kingdom",Nottingham,5,92,1,1,132,324,899,4102,2692,12386,1290,5959,0
R16,Male,Grass,Nottingham,"United Kingdom",Nottingham,5,92,1,1,132,324,899,4102,2692,12386,1290,5959,0
R16,Male,Grass,Nottingham,"United Kingdom",Nottingham,5,92,1,1,132,324,899,4102,2692,12386,1290,5959,0
R16,Male,Grass,Nottingham,"United Kingdom",Nottingham,5,92,1,1,132,324,899,4102,2692,12386,1290,5959,0
R16,Male,Grass,Nottingham,"United Kingdom",Nottingham,5,92,1,1,132,324,899,4102,2692,12386,1290,5959,0
R16,Male,Grass,Nottingham,"United Kingdom",Nottingham,5,92,1,1,132,324,899,4102,2692,12386,1290,5959,0
R16,Male,Grass,Nottingham,"United Kingdom",Nottingham,5,92,1,1,132,324,899,4102,2692,12386,1290,5959,0
R16,Male,Grass,Nottingham,"United Kingdom",Nottingham,5,92,1,1,132,324,899,4102,2692,12386,1290,5959,0
R16,Male,Grass,Nottingham,"United Kingdom",Nottingham,5,92,1,1,132,324,899,4102,2692,12386,1290,5959,0
R16,Male,Grass,Nottingham,"United Kingdom",Nottingham,5,92,1,1,132,324,899,4102,2692,12386,1290,5959,0
R16,Male,Grass,Nottingham,"United Kingdom",Nottingham,5,92,1,1,132,324,899,4102,2692,12386,1290,5959,0
R16,Male,Grass,Nottingham,"United Kingdom",Nottingham,5,92,1,1,132,324,899,4102,2692,12386,1290,5959,0
R16,Male,Grass,Nottingham,"United Kingdom",Nottingham,5,92,1,1,132,324,899,4102,2692,12386,1290,5959,0
R16,Male,Grass,Nottingham,"United Kingdom",Nottingham,5,92,1,1,132,324,899,4102,2692,12386,1290,5959,0
R16,Male,Grass,Nottingham,"United Kingdom",Nottingham,5,92,1,1,132,324,899,4102,2692,12386,1290,5959,0
R32,Male,Grass,"Mercedes Cup",Germany,Stuttgart,5,177,1,3,132,394,899,1843,2692,3544,1290,1097,0
R32,Male,Clay,Stuttgart,Germany,Stuttgart,5,177,1,3,132,394,572,1334,2692,3544,756,1428,0
R32,Male,Clay,Stuttgart,Germany,Stuttgart,5,177,1,3,132,394,572,1334,2692,3544,756,1428,0
R32,Male,Clay,Stuttgart,Germany,Stuttgart,5,177,1,3,132,394,572,1334,2692,3544,756,1428,0
R32,Male,Clay,Stuttgart,Germany,Stuttgart,5,177,1,3,132,394,572,1334,2692,3544,756,1428,0
R32,Male,Clay,Stuttgart,Germany,Stuttgart,5,177,1,3,132,394,572,1334,2692,3544,756,1428,0
R32,Male,Clay,Stuttgart,Germany,Stuttgart,5,177,1,3,132,394,572,1334,2692,3544,756,1428,0
R32,Male,Clay,Stuttgart,Germany,Stuttgart,5,177,1,3,132,394,572,1334,2692,3544,756,1428,0
R32,Male,Clay,Stuttgart,Germany,Stuttgart,5,177,1,3,132,394,572,1334,2692,3544,756,1428,0
R32,Male,Clay,Stuttgart,Germany,Stuttgart,5,177,1,3,132,394,572,1334,2692,3544,756,1428,0
R32,Male,Clay,Stuttgart,Germany,Stuttgart,5,177,1,3,132,394,572,1334,2692,3544,756,1428,0
R32,Male,Clay,Stuttgart,Germany,Stuttgart,5,177,1,3,132,394,572,1334,2692,3544,756,1428,0
R32,Male,Clay,Stuttgart,Germany,Stuttgart,5,177,1,3,132,394,572,1334,2692,3544,756,1428,0
R32,Male,Clay,Stuttgart,Germany,Stuttgart,5,177,1,3,132,394,572,1334,2692,3544,756,1428,0
R32,Male,Clay,Stuttgart,Germany,Stuttgart,5,177,1,3,132,394,572,1334,2692,3544,756,1428,0
R32,Male,Grass,Stuttgart,Germany,Stuttgart,5,177,1,3,132,394,899,1843,2692,3544,1290,1097,0
R32,Male,Grass,Stuttgart,Germany,Stuttgart,5,177,1,3,132,394,899,1843,2692,3544,1290,1097,0
R32,Male,Clay,"Stuttgart Outdoor",Germany,Stuttgart,5,177,1,3,132,394,572,1334,2692,3544,756,1428,0
R32,Male,Clay,"Stuttgart Outdoor",Germany,Stuttgart,5,177,1,3,132,394,572,1334,2692,3544,756,1428,0
R32,Male,Clay,"Stuttgart Outdoor",Germany,Stuttgart,5,177,1,3,132,394,572,1334,2692,3544,756,1428,0
R32,Male,Clay,"Stuttgart Outdoor",Germany,Stuttgart,5,177,1,3,132,394,572,1334,2692,3544,756,1428,0
R32,Male,Clay,"Stuttgart Outdoor",Germany,Stuttgart,5,177,1,3,132,394,572,1334,2692,3544,756,1428,0
R32,Male,Clay,"Stuttgart Outdoor",Germany,Stuttgart,5,177,1,3,132,394,572,1334,2692,3544,756,1428,0
R32,Male,Clay,"Stuttgart Outdoor",Germany,Stuttgart,5,177,1,3,132,394,572,1334,2692,3544,756,1428,0
R32,Male,Clay,"Stuttgart Outdoor",Germany,Stuttgart,5,177,1,3,132,394,572,1334,2692,3544,756,1428,0
R32,Male,Clay,"Stuttgart Outdoor",Germany,Stuttgart,5,177,1,3,132,394,572,1334,2692,3544,756,1428,0
R32,Male,Clay,"Stuttgart Outdoor",Germany,Stuttgart,5,177,1,3,132,394,572,1334,2692,3544,756,1428,0
R32,Male,Clay,"Stuttgart Outdoor",Germany,Stuttgart,5,177,1,3,132,394,572,1334,2692,3544,756,1428,0
R32,Male,Clay,"Stuttgart Outdoor",Germany,Stuttgart,5,177,1,3,132,394,572,1334,2692,3544,756,1428,0
R32,Male,Clay,"Stuttgart Outdoor",Germany,Stuttgart,5,177,1,3,132,394,572,1334,2692,3544,756,1428,0
R32,Male,Clay,"Stuttgart Outdoor",Germany,Stuttgart,5,177,1,3,132,394,572,1334,2692,3544,756,1428,0
R32,Male,Clay,"Stuttgart Outdoor",Germany,Stuttgart,5,177,1,3,132,394,572,1334,2692,3544,756,1428,0
R32,Male,Clay,"Stuttgart Outdoor",Germany,Stuttgart,5,177,1,3,132,394,572,1334,2692,3544,756,1428,0
R32,Male,Clay,"Stuttgart Outdoor",Germany,Stuttgart,5,177,1,3,132,394,572,1334,2692,3544,756,1428,0
R32,Male,Clay,"Stuttgart Outdoor",Germany,Stuttgart,5,177,1,3,132,394,572,1334,2692,3544,756,1428,0
R32,Male,Clay,"Stuttgart Outdoor",Germany,Stuttgart,5,177,1,3,132,394,572,1334,2692,3544,756,1428,0
R32,Male,Clay,"Stuttgart Outdoor",Germany,Stuttgart,5,177,1,3,132,394,572,1334,2692,3544,756,1428,0
R32,Male,Clay,"Stuttgart Outdoor",Germany,Stuttgart,5,177,1,3,132,394,572,1334,2692,3544,756,1428,0
R32,Male,Clay,"Stuttgart Outdoor",Germany,Stuttgart,5,177,1,3,132,394,572,1334,2692,3544,756,1428,0
R32,Male,Clay,"Stuttgart Outdoor",Germany,Stuttgart,5,177,1,3,132,394,572,1334,2692,3544,756,1428,0
R16,Male,Carpet,"ATP Masters Series Stockholm",Sweden,Stockholm,5,72,2,4,132,372,72,357,2692,22011,67,565,0
R16,Male,Carpet,"ATP Masters Series Stockholm",Sweden,Stockholm,5,72,2,4,132,372,72,357,2692,22011,67,565,0
R16,Male,Carpet,"ATP Masters Series Stockholm",Sweden,Stockholm,5,72,2,4,132,372,72,357,2692,22011,67,565,0
R16,Male,Carpet,"ATP Masters Series Stockholm",Sweden,Stockholm,5,72,2,4,132,372,72,357,2692,22011,67,565,0
R16,Male,Carpet,"ATP Masters Series Stockholm",Sweden,Stockholm,5,72,2,4,132,372,72,357,2692,22011,67,565,0
R16,Male,Hard,"Intrum Stockholm Open",Sweden,Stockholm,5,72,2,4,132,372,521,2839,2692,22011,579,5962,0
R16,Male,Hard,Stockholm,Sweden,Stockholm,5,72,2,4,132,372,521,2839,2692,22011,579,5962,0
R16,Male,Hard,Stockholm,Sweden,Stockholm,5,72,2,4,132,372,521,2839,2692,22011,579,5962,0
R16,Male,Hard,Stockholm,Sweden,Stockholm,5,72,2,4,132,372,521,2839,2692,22011,579,5962,0
R16,Male,Clay,Stockholm,Sweden,Stockholm,5,72,2,4,132,372,572,1962,2692,22011,756,3420,0
R16,Male,Hard,Stockholm,Sweden,Stockholm,5,72,2,4,132,372,521,2839,2692,22011,579,5962,0
R16,Male,Hard,Stockholm,Sweden,Stockholm,5,72,2,4,132,372,521,2839,2692,22011,579,5962,0
R16,Male,Hard,Stockholm,Sweden,Stockholm,5,72,2,4,132,372,521,2839,2692,22011,579,5962,0
R16,Male,Hard,Stockholm,Sweden,Stockholm,5,72,2,4,132,372,521,2839,2692,22011,579,5962,0
R16,Male,Carpet,Stockholm,Sweden,Stockholm,5,72,2,4,132,372,72,357,2692,22011,67,565,0
R16,Male,Hard,Stockholm,Sweden,Stockholm,5,72,2,4,132,372,521,2839,2692,22011,579,5962,0
R16,Male,Hard,Stockholm,Sweden,Stockholm,5,72,2,4,132,372,521,2839,2692,22011,579,5962,0
R16,Male,Hard,Stockholm,Sweden,Stockholm,5,72,2,4,132,372,521,2839,2692,22011,579,5962,0
R16,Male,Hard,Stockholm,Sweden,Stockholm,5,72,2,4,132,372,521,2839,2692,22011,579,5962,0
R16,Male,Hard,Stockholm,Sweden,Stockholm,5,72,2,4,132,372,521,2839,2692,22011,579,5962,0
R16,Male,Hard,Stockholm,Sweden,Stockholm,5,72,2,4,132,372,521,2839,2692,22011,579,5962,0
R16,Male,Hard,Stockholm,Sweden,Stockholm,5,72,2,4,132,372,521,2839,2692,22011,579,5962,0
R16,Male,Hard,Stockholm,Sweden,Stockholm,5,72,2,4,132,372,521,2839,2692,22011,579,5962,0
R16,Male,Carpet,Stockholm,Sweden,Stockholm,5,72,2,4,132,372,72,357,2692,22011,67,565,0
R16,Male,Hard,Stockholm,Sweden,Stockholm,5,72,2,4,132,372,521,2839,2692,22011,579,5962,0
R16,Male,Hard,Stockholm,Sweden,Stockholm,5,72,2,4,132,372,521,2839,2692,22011,579,5962,0
R16,Male,Hard,Stockholm,Sweden,Stockholm,5,72,2,4,132,372,521,2839,2692,22011,579,5962,0
R16,Male,Hard,Stockholm,Sweden,Stockholm,5,72,2,4,132,372,521,2839,2692,22011,579,5962,0
R16,Male,Hard,Stockholm,Sweden,Stockholm,5,72,2,4,132,372,521,2839,2692,22011,579,5962,0
R16,Male,Hard,Stockholm,Sweden,Stockholm,5,72,2,4,132,372,521,2839,2692,22011,579,5962,0
R16,Male,Hard,Stockholm,Sweden,Stockholm,5,72,2,4,132,372,521,2839,2692,22011,579,5962,0
R16,Male,Hard,Stockholm,Sweden,Stockholm,5,72,2,4,132,372,521,2839,2692,22011,579,5962,0
R16,Male,Hard,Stockholm,Sweden,Stockholm,5,72,2,4,132,372,521,2839,2692,22011,579,5962,0
R16,Male,Hard,Stockholm,Sweden,Stockholm,5,72,2,4,132,372,521,2839,2692,22011,579,5962,0
R16,Male,Hard,Stockholm,Sweden,Stockholm,5,72,2,4,132,372,521,2839,2692,22011,579,5962,0
R16,Male,Hard,Stockholm,Sweden,Stockholm,5,72,2,4,132,372,521,2839,2692,22011,579,5962,0
R16,Male,Hard,Stockholm,Sweden,Stockholm,5,72,2,4,132,372,521,2839,2692,22011,579,5962,0
R16,Male,Hard,Stockholm,Sweden,Stockholm,5,72,2,4,132,372,521,2839,2692,22011,579,5962,0
R16,Male,Hard,Stockholm,Sweden,Stockholm,5,72,2,4,132,372,521,2839,2692,22011,579,5962,0
R16,Male,Hard,Stockholm,Sweden,Stockholm,5,72,2,4,132,372,521,2839,2692,22011,579,5962,0
R16,Male,Hard,Stockholm,Sweden,Stockholm,5,72,2,4,132,372,521,2839,2692,22011,579,5962,0
R16,Male,Hard,Stockholm,Sweden,Stockholm,5,72,2,4,132,372,521,2839,2692,22011,579,5962,0
R16,Male,Hard,Stockholm,Sweden,Stockholm,5,72,2,4,132,372,521,2839,2692,22011,579,5962,0
R16,Male,Hard,Stockholm,Sweden,Stockholm,5,72,2,4,132,372,521,2839,2692,22011,579,5962,0
R16,Male,Hard,Stockholm,Sweden,Stockholm,5,72,2,4,132,372,521,2839,2692,22011,579,5962,0
R16,Male,Hard,Stockholm,Sweden,Stockholm,5,72,2,4,132,372,521,2839,2692,22011,579,5962,0
R16,Male,Hard,"Stockholm Open",Sweden,Stockholm,5,72,2,4,132,372,521,2839,2692,22011,579,5962,0
R16,Male,Hard,"Stockholm Open",Sweden,Stockholm,5,72,2,4,132,372,521,2839,2692,22011,579,5962,0
R16,Male,Hard,"Stockholm Open",Sweden,Stockholm,5,72,2,4,132,372,521,2839,2692,22011,579,5962,0
R16,Male,Hard,Marseille,France,Marseille,5,72,2,4,132,372,521,2839,2692,22011,579,5962,0
R16,Male,Hard,Marseille,France,Marseille,5,72,2,4,132,372,521,2839,2692,22011,579,5962,0
R16,Male,Hard,Marseille,France,Marseille,5,72,2,4,132,372,521,2839,2692,22011,579,5962,0
R16,Male,Hard,Marseille,France,Marseille,5,72,2,4,132,372,521,2839,2692,22011,579,5962,0
R16,Male,Hard,Marseille,France,Marseille,5,72,2,4,132,372,521,2839,2692,22011,579,5962,0
R16,Male,Hard,Marseille,France,Marseille,5,72,2,4,132,372,521,2839,2692,22011,579,5962,0
R16,Male,Hard,Marseille,France,Marseille,5,72,2,4,132,372,521,2839,2692,22011,579,5962,0
R16,Male,Hard,Marseille,France,Marseille,5,72,2,4,132,372,521,2839,2692,22011,579,5962,0
R16,Male,Hard,Marseille,France,Marseille,5,72,2,4,132,372,521,2839,2692,22011,579,5962,0
R16,Male,Hard,Marseille,France,Marseille,5,72,2,4,132,372,521,2839,2692,22011,579,5962,0
R16,Male,Hard,Marseille,France,Marseille,5,72,2,4,132,372,521,2839,2692,22011,579,5962,0
R16,Male,Hard,Marseille,France,Marseille,5,72,2,4,132,372,521,2839,2692,22011,579,5962,0
R16,Male,Hard,Marseille,France,Marseille,5,72,2,4,132,372,521,2839,2692,22011,579,5962,0
R16,Male,Hard,Marseille,France,Marseille,5,72,2,4,132,372,521,2839,2692,22011,579,5962,0
R16,Male,Hard,Marseille,France,Marseille,5,72,2,4,132,372,521,2839,2692,22011,579,5962,0
R16,Male,Hard,Marseille,France,Marseille,5,72,2,4,132,372,521,2839,2692,22011,579,5962,0
R16,Male,Hard,Marseille,France,Marseille,5,72,2,4,132,372,521,2839,2692,22011,579,5962,0
R16,Male,Hard,Marseille,France,Marseille,5,72,2,4,132,372,521,2839,2692,22011,579,5962,0
R16,Male,Hard,Marseille,France,Marseille,5,72,2,4,132,372,521,2839,2692,22011,579,5962,0
R16,Male,Hard,Marseille,France,Marseille,5,72,2,4,132,372,521,2839,2692,22011,579,5962,0
R16,Male,Hard,Marseille,France,Marseille,5,72,2,4,132,372,521,2839,2692,22011,579,5962,0
R16,Male,Hard,Marseille,France,Marseille,5,72,2,4,132,372,521,2839,2692,22011,579,5962,0
R16,Male,Hard,Marseille,France,Marseille,5,72,2,4,132,372,521,2839,2692,22011,579,5962,0
R16,Male,Hard,Marseille,France,Marseille,5,72,2,4,132,372,521,2839,2692,22011,579,5962,0
R16,Male,Hard,"Open 13 Marseille",France,Marseille,5,72,2,4,132,372,521,2839,2692,22011,579,5962,0
R32,Male,Grass,Wimbledon,Canada,London,5,72,2,4,132,372,899,4528,2692,22011,1290,12060,0
R32,Male,Grass,Wimbledon,Canada,London,5,72,2,4,132,372,899,4528,2692,22011,1290,12060,0
R32,Male,Grass,Wimbledon,Canada,London,5,72,2,4,132,372,899,4528,2692,22011,1290,12060,0
R32,Male,Grass,Wimbledon,Canada,London,5,72,2,4,132,372,899,4528,2692,22011,1290,12060,0
R32,Male,Grass,Wimbledon,Canada,London,5,72,2,4,132,372,899,4528,2692,22011,1290,12060,0
R32,Male,Grass,Wimbledon,Canada,London,5,72,2,4,132,372,899,4528,2692,22011,1290,12060,0
R32,Male,Grass,Wimbledon,Canada,London,5,72,2,4,132,372,899,4528,2692,22011,1290,12060,0
R32,Male,Grass,Wimbledon,Canada,London,5,72,2,4,132,372,899,4528,2692,22011,1290,12060,0
R32,Male,Grass,Wimbledon,Canada,London,5,72,2,4,132,372,899,4528,2692,22011,1290,12060,0
R32,Male,Grass,Wimbledon,Canada,London,5,72,2,4,132,372,899,4528,2692,22011,1290,12060,0
R32,Male,Grass,Wimbledon,Canada,London,5,72,2,4,132,372,899,4528,2692,22011,1290,12060,0
R32,Male,Grass,Wimbledon,Canada,London,5,72,2,4,132,372,899,4528,2692,22011,1290,12060,0
R32,Male,Grass,Wimbledon,Canada,London,5,72,2,4,132,372,899,4528,2692,22011,1290,12060,0
R32,Male,Grass,Wimbledon,Canada,London,5,72,2,4,132,372,899,4528,2692,22011,1290,12060,0
R32,Male,Grass,Wimbledon,Canada,London,5,72,2,4,132,372,899,4528,2692,22011,1290,12060,0
R32,Male,Grass,Wimbledon,Canada,London,5,72,2,4,132,372,899,4528,2692,22011,1290,12060,0
R32,Male,Grass,Wimbledon,Canada,London,5,72,2,4,132,372,899,4528,2692,22011,1290,12060,0
R32,Male,Grass,Wimbledon,Canada,London,5,72,2,4,132,372,899,4528,2692,22011,1290,12060,0
R32,Male,Grass,Wimbledon,Canada,London,5,72,2,4,132,372,899,4528,2692,22011,1290,12060,0
R32,Male,Grass,Wimbledon,Canada,London,5,72,2,4,132,372,899,4528,2692,22011,1290,12060,0
R32,Male,Grass,Wimbledon,Canada,London,5,72,2,4,132,372,899,4528,2692,22011,1290,12060,0
R32,Male,Grass,Wimbledon,Canada,London,5,72,2,4,132,372,899,4528,2692,22011,1290,12060,0
R32,Male,Grass,Wimbledon,Canada,London,5,72,2,4,132,372,899,4528,2692,22011,1290,12060,0
R32,Male,Grass,Wimbledon,Canada,London,5,72,2,4,132,372,899,4528,2692,22011,1290,12060,0
R32,Male,Grass,Wimbledon,Canada,London,5,72,2,4,132,372,899,4528,2692,22011,1290,12060,0
R32,Male,Grass,Wimbledon,Canada,London,5,72,2,4,132,372,899,4528,2692,22011,1290,12060,0
R32,Male,Grass,Wimbledon,Canada,London,5,72,2,4,132,372,899,4528,2692,22011,1290,12060,0
R32,Male,Grass,Wimbledon,Canada,London,5,72,2,4,132,372,899,4528,2692,22011,1290,12060,0
R32,Male,Grass,Wimbledon,Canada,London,5,72,2,4,132,372,899,4528,2692,22011,1290,12060,0
R32,Male,Grass,Wimbledon,Canada,London,5,72,2,4,132,372,899,4528,2692,22011,1290,12060,0
R32,Male,Grass,Wimbledon,Canada,London,5,72,2,4,132,372,899,4528,2692,22011,1290,12060,0
R32,Male,Grass,Wimbledon,Canada,London,5,72,2,4,132,372,899,4528,2692,22011,1290,12060,0
R32,Male,Grass,Wimbledon,Canada,London,5,72,2,4,132,372,899,4528,2692,22011,1290,12060,0
R32,Male,Grass,Wimbledon,Canada,London,5,72,2,4,132,372,899,4528,2692,22011,1290,12060,0
R32,Male,Grass,Wimbledon,Canada,London,5,72,2,4,132,372,899,4528,2692,22011,1290,12060,0
R32,Male,Grass,Wimbledon,Canada,London,5,72,2,4,132,372,899,4528,2692,22011,1290,12060,0
R32,Male,Grass,Wimbledon,Canada,London,5,72,2,4,132,372,899,4528,2692,22011,1290,12060,0
R32,Male,Grass,Wimbledon,Canada,London,5,72,2,4,132,372,899,4528,2692,22011,1290,12060,0
R32,Male,Grass,Wimbledon,Canada,London,5,72,2,4,132,372,899,4528,2692,22011,1290,12060,0
R32,Male,Grass,Wimbledon,Canada,London,5,72,2,4,132,372,899,4528,2692,22011,1290,12060,0
R32,Male,Grass,Wimbledon,Canada,London,5,72,2,4,132,372,899,4528,2692,22011,1290,12060,0
R32,Male,Grass,Wimbledon,Canada,London,5,72,2,4,132,372,899,4528,2692,22011,1290,12060,0
R32,Male,Grass,Wimbledon,Canada,London,5,72,2,4,132,372,899,4528,2692,22011,1290,12060,0
R32,Male,Grass,Wimbledon,Canada,London,5,72,2,4,132,372,899,4528,2692,22011,1290,12060,0
R32,Male,Grass,Wimbledon,Canada,London,5,72,2,4,132,372,899,4528,2692,22011,1290,12060,0
R32,Male,Grass,Wimbledon,Canada,London,5,72,2,4,132,372,899,4528,2692,22011,1290,12060,0
R32,Male,Grass,Wimbledon,Canada,London,5,72,2,4,132,372,899,4528,2692,22011,1290,12060,0
R32,Male,Grass,Wimbledon,Canada,London,5,72,2,4,132,372,899,4528,2692,22011,1290,12060,0
R32,Male,Grass,Wimbledon,Canada,London,5,72,2,4,132,372,899,4528,2692,22011,1290,12060,0
R32,Male,Grass,Wimbledon,Canada,London,5,72,2,4,132,372,899,4528,2692,22011,1290,12060,0
R32,Male,Grass,Wimbledon,Canada,London,5,72,2,4,132,372,899,4528,2692,22011,1290,12060,0
R32,Male,Grass,Wimbledon,Canada,London,5,72,2,4,132,372,899,4528,2692,22011,1290,12060,0
R32,Male,Grass,Wimbledon,Canada,London,5,72,2,4,132,372,899,4528,2692,22011,1290,12060,0
R32,Male,Grass,Wimbledon,Canada,London,5,72,2,4,132,372,899,4528,2692,22011,1290,12060,0
R32,Male,Grass,Wimbledon,Canada,London,5,72,2,4,132,372,899,4528,2692,22011,1290,12060,0
R32,Male,Grass,Wimbledon,Canada,London,5,72,2,4,132,372,899,4528,2692,22011,1290,12060,0
R32,Male,Grass,Wimbledon,Canada,London,5,72,2,4,132,372,899,4528,2692,22011,1290,12060,0
R32,Male,Grass,Wimbledon,Canada,London,5,72,2,4,132,372,899,4528,2692,22011,1290,12060,0
R32,Male,Grass,Wimbledon,Canada,London,5,72,2,4,132,372,899,4528,2692,22011,1290,12060,0
R32,Male,Grass,Wimbledon,Canada,London,5,72,2,4,132,372,899,4528,2692,22011,1290,12060,0
R32,Male,Grass,Wimbledon,Canada,London,5,72,2,4,132,372,899,4528,2692,22011,1290,12060,0
R32,Male,Grass,Wimbledon,Canada,London,5,72,2,4,132,372,899,4528,2692,22011,1290,12060,0
R32,Male,Grass,Wimbledon,Canada,London,5,72,2,4,132,372,899,4528,2692,22011,1290,12060,0
R32,Male,Grass,Wimbledon,Canada,London,5,72,2,4,132,372,899,4528,2692,22011,1290,12060,0
R32,Male,Grass,Wimbledon,Canada,London,5,72,2,4,132,372,899,4528,2692,22011,1290,12060,0
R32,Male,Grass,Wimbledon,Canada,London,5,72,2,4,132,372,899,4528,2692,22011,1290,12060,0
R32,Male,Grass,Wimbledon,Canada,London,5,72,2,4,132,372,899,4528,2692,22011,1290,12060,0
R32,Male,Grass,Wimbledon,Canada,London,5,72,2,4,132,372,899,4528,2692,22011,1290,12060,0
R32,Male,Grass,Wimbledon,Canada,London,5,72,2,4,132,372,899,4528,2692,22011,1290,12060,0
R32,Male,Grass,Wimbledon,Canada,London,5,72,2,4,132,372,899,4528,2692,22011,1290,12060,0
R32,Male,Grass,Wimbledon,Canada,London,5,72,2,4,132,372,899,4528,2692,22011,1290,12060,0
R32,Male,Grass,Wimbledon,Canada,London,5,72,2,4,132,372,899,4528,2692,22011,1290,12060,0
R32,Male,Grass,Wimbledon,Canada,London,5,72,2,4,132,372,899,4528,2692,22011,1290,12060,0
R32,Male,Grass,Wimbledon,Canada,London,5,72,2,4,132,372,899,4528,2692,22011,1290,12060,0
R32,Male,Grass,Wimbledon,Canada,London,5,72,2,4,132,372,899,4528,2692,22011,1290,12060,0
R32,Male,Grass,Wimbledon,Canada,London,5,72,2,4,132,372,899,4528,2692,22011,1290,12060,0
R32,Male,Grass,Wimbledon,Canada,London,5,72,2,4,132,372,899,4528,2692,22011,1290,12060,0
R32,Male,Grass,Wimbledon,Canada,London,5,72,2,4,132,372,899,4528,2692,22011,1290,12060,0
R32,Male,Grass,Wimbledon,Canada,London,5,72,2,4,132,372,899,4528,2692,22011,1290,12060,0
R32,Male,Grass,Wimbledon,Canada,London,5,72,2,4,132,372,899,4528,2692,22011,1290,12060,0
R32,Male,Grass,Wimbledon,Canada,London,5,72,2,4,132,372,899,4528,2692,22011,1290,12060,0
R32,Male,Grass,Wimbledon,Canada,London,5,72,2,4,132,372,899,4528,2692,22011,1290,12060,0
R32,Male,Grass,Wimbledon,Canada,London,5,72,2,4,132,372,899,4528,2692,22011,1290,12060,0
R32,Male,Grass,Wimbledon,Canada,London,5,72,2,4,132,372,899,4528,2692,22011,1290,12060,0
R32,Male,Grass,Wimbledon,Canada,London,5,72,2,4,132,372,899,4528,2692,22011,1290,12060,0
R32,Male,Grass,Wimbledon,Canada,London,5,72,2,4,132,372,899,4528,2692,22011,1290,12060,0
R32,Male,Grass,Wimbledon,Canada,London,5,72,2,4,132,372,899,4528,2692,22011,1290,12060,0
R32,Male,Grass,Wimbledon,Canada,London,5,72,2,4,132,372,899,4528,2692,22011,1290,12060,0
R32,Male,Clay,Wimbledon,Canada,London,5,72,2,4,132,372,572,1962,2692,22011,756,3420,0
R32,Male,Grass,Wimbledon,Canada,London,5,72,2,4,132,372,899,4528,2692,22011,1290,12060,0
R32,Male,Grass,Wimbledon,Canada,London,5,72,2,4,132,372,899,4528,2692,22011,1290,12060,0
R32,Male,Grass,Wimbledon,Canada,London,5,72,2,4,132,372,899,4528,2692,22011,1290,12060,0
R32,Male,Grass,Wimbledon,Canada,London,5,72,2,4,132,372,899,4528,2692,22011,1290,12060,0
R32,Male,Grass,Wimbledon,Canada,London,5,72,2,4,132,372,899,4528,2692,22011,1290,12060,0
R32,Male,Grass,Wimbledon,Canada,London,5,72,2,4,132,372,899,4528,2692,22011,1290,12060,0
R32,Male,Grass,Wimbledon,Canada,London,5,72,2,4,132,372,899,4528,2692,22011,1290,12060,0
R32,Male,Grass,Wimbledon,Canada,London,5,72,2,4,132,372,899,4528,2692,22011,1290,12060,0
R32,Male,Grass,Wimbledon,Canada,London,5,72,2,4,132,372,899,4528,2692,22011,1290,12060,0
R32,Male,Grass,Wimbledon,Canada,London,5,72,2,4,132,372,899,4528,2692,22011,1290,12060,0
R32,Male,Grass,Wimbledon,Canada,London,5,72,2,4,132,372,899,4528,2692,22011,1290,12060,0
R32,Male,Grass,Wimbledon,Canada,London,5,72,2,4,132,372,899,4528,2692,22011,1290,12060,0
R32,Male,Grass,Wimbledon,Canada,London,5,72,2,4,132,372,899,4528,2692,22011,1290,12060,0
R32,Male,Grass,Wimbledon,Canada,London,5,72,2,4,132,372,899,4528,2692,22011,1290,12060,0
R32,Male,Grass,Wimbledon,Canada,London,5,72,2,4,132,372,899,4528,2692,22011,1290,12060,0
R32,Male,Grass,Wimbledon,Canada,London,5,72,2,4,132,372,899,4528,2692,22011,1290,12060,0
R32,Male,Grass,Wimbledon,Canada,London,5,72,2,4,132,372,899,4528,2692,22011,1290,12060,0
R32,Male,Grass,Wimbledon,Canada,London,5,72,2,4,132,372,899,4528,2692,22011,1290,12060,0
R32,Male,Grass,Wimbledon,Canada,London,5,72,2,4,132,372,899,4528,2692,22011,1290,12060,0
R32,Male,Grass,Wimbledon,Canada,London,5,72,2,4,132,372,899,4528,2692,22011,1290,12060,0
R32,Male,Grass,Wimbledon,Canada,London,5,72,2,4,132,372,899,4528,2692,22011,1290,12060,0
R32,Male,Grass,Wimbledon,Canada,London,5,72,2,4,132,372,899,4528,2692,22011,1290,12060,0
R32,Male,Grass,Wimbledon,Canada,London,5,72,2,4,132,372,899,4528,2692,22011,1290,12060,0
R32,Male,Grass,Wimbledon,Canada,London,5,72,2,4,132,372,899,4528,2692,22011,1290,12060,0
R32,Male,Grass,Wimbledon,Canada,London,5,72,2,4,132,372,899,4528,2692,22011,1290,12060,0
R32,Male,Grass,Wimbledon,Canada,London,5,72,2,4,132,372,899,4528,2692,22011,1290,12060,0
R32,Male,Grass,Wimbledon,Canada,London,5,72,2,4,132,372,899,4528,2692,22011,1290,12060,0
R32,Male,Grass,Wimbledon,Canada,London,5,72,2,4,132,372,899,4528,2692,22011,1290,12060,0
R32,Male,Grass,Wimbledon,Canada,London,5,72,2,4,132,372,899,4528,2692,22011,1290,12060,0
R32,Male,Grass,Wimbledon,Canada,London,5,72,2,4,132,372,899,4528,2692,22011,1290,12060,0
R32,Male,Grass,Wimbledon,Canada,London,5,72,2,4,132,372,899,4528,2692,22011,1290,12060,0
R32,Male,Grass,Wimbledon,Canada,London,5,72,2,4,132,372,899,4528,2692,22011,1290,12060,0
R32,Male,Grass,Wimbledon,Canada,London,5,72,2,4,132,372,899,4528,2692,22011,1290,12060,0
R32,Male,Grass,Wimbledon,Canada,London,5,72,2,4,132,372,899,4528,2692,22011,1290,12060,0
R32,Male,Grass,Wimbledon,Canada,London,5,72,2,4,132,372,899,4528,2692,22011,1290,12060,0
R32,Male,Grass,Wimbledon,Canada,London,5,72,2,4,132,372,899,4528,2692,22011,1290,12060,0
R32,Male,Grass,Wimbledon,Canada,London,5,72,2,4,132,372,899,4528,2692,22011,1290,12060,0
R32,Male,Grass,Wimbledon,Canada,London,5,72,2,4,132,372,899,4528,2692,22011,1290,12060,0
R32,Male,Grass,Wimbledon,Canada,London,5,72,2,4,132,372,899,4528,2692,22011,1290,12060,0
R32,Male,Grass,Wimbledon,Canada,London,5,72,2,4,132,372,899,4528,2692,22011,1290,12060,0
R32,Male,Grass,Wimbledon,Canada,London,5,72,2,4,132,372,899,4528,2692,22011,1290,12060,0
R32,Male,Grass,Wimbledon,Canada,London,5,72,2,4,132,372,899,4528,2692,22011,1290,12060,0
R16,Male,Grass,"Mercedes Cup",Germany,Stuttgart,5,131,3,1,132,342,899,2915,2692,8827,1290,3768,0
R16,Male,Clay,Stuttgart,Germany,Stuttgart,5,131,3,1,132,342,572,1564,2692,8827,756,1872,0
R16,Male,Clay,Stuttgart,Germany,Stuttgart,5,131,3,1,132,342,572,1564,2692,8827,756,1872,0
R16,Male,Clay,Stuttgart,Germany,Stuttgart,5,131,3,1,132,342,572,1564,2692,8827,756,1872,0
R16,Male,Clay,Stuttgart,Germany,Stuttgart,5,131,3,1,132,342,572,1564,2692,8827,756,1872,0
R16,Male,Clay,Stuttgart,Germany,Stuttgart,5,131,3,1,132,342,572,1564,2692,8827,756,1872,0
R16,Male,Clay,Stuttgart,Germany,Stuttgart,5,131,3,1,132,342,572,1564,2692,8827,756,1872,0
R16,Male,Clay,Stuttgart,Germany,Stuttgart,5,131,3,1,132,342,572,1564,2692,8827,756,1872,0
R16,Male,Clay,Stuttgart,Germany,Stuttgart,5,131,3,1,132,342,572,1564,2692,8827,756,1872,0
R16,Male,Clay,Stuttgart,Germany,Stuttgart,5,131,3,1,132,342,572,1564,2692,8827,756,1872,0
R16,Male,Clay,Stuttgart,Germany,Stuttgart,5,131,3,1,132,342,572,1564,2692,8827,756,1872,0
R16,Male,Clay,Stuttgart,Germany,Stuttgart,5,131,3,1,132,342,572,1564,2692,8827,756,1872,0
R16,Male,Clay,Stuttgart,Germany,Stuttgart,5,131,3,1,132,342,572,1564,2692,8827,756,1872,0
R16,Male,Clay,Stuttgart,Germany,Stuttgart,5,131,3,1,132,342,572,1564,2692,8827,756,1872,0
R16,Male,Clay,Stuttgart,Germany,Stuttgart,5,131,3,1,132,342,572,1564,2692,8827,756,1872,0
R16,Male,Grass,Stuttgart,Germany,Stuttgart,5,131,3,1,132,342,899,2915,2692,8827,1290,3768,0
R16,Male,Grass,Stuttgart,Germany,Stuttgart,5,131,3,1,132,342,899,2915,2692,8827,1290,3768,0
R16,Male,Clay,"Stuttgart Outdoor",Germany,Stuttgart,5,131,3,1,132,342,572,1564,2692,8827,756,1872,0
R16,Male,Clay,"Stuttgart Outdoor",Germany,Stuttgart,5,131,3,1,132,342,572,1564,2692,8827,756,1872,0
R16,Male,Clay,"Stuttgart Outdoor",Germany,Stuttgart,5,131,3,1,132,342,572,1564,2692,8827,756,1872,0
R16,Male,Clay,"Stuttgart Outdoor",Germany,Stuttgart,5,131,3,1,132,342,572,1564,2692,8827,756,1872,0
R16,Male,Clay,"Stuttgart Outdoor",Germany,Stuttgart,5,131,3,1,132,342,572,1564,2692,8827,756,1872,0
R16,Male,Clay,"Stuttgart Outdoor",Germany,Stuttgart,5,131,3,1,132,342,572,1564,2692,8827,756,1872,0
R16,Male,Clay,"Stuttgart Outdoor",Germany,Stuttgart,5,131,3,1,132,342,572,1564,2692,8827,756,1872,0
R16,Male,Clay,"Stuttgart Outdoor",Germany,Stuttgart,5,131,3,1,132,342,572,1564,2692,8827,756,1872,0
R16,Male,Clay,"Stuttgart Outdoor",Germany,Stuttgart,5,131,3,1,132,342,572,1564,2692,8827,756,1872,0
R16,Male,Clay,"Stuttgart Outdoor",Germany,Stuttgart,5,131,3,1,132,342,572,1564,2692,8827,756,1872,0
R16,Male,Clay,"Stuttgart Outdoor",Germany,Stuttgart,5,131,3,1,132,342,572,1564,2692,8827,756,1872,0
R16,Male,Clay,"Stuttgart Outdoor",Germany,Stuttgart,5,131,3,1,132,342,572,1564,2692,8827,756,1872,0
R16,Male,Clay,"Stuttgart Outdoor",Germany,Stuttgart,5,131,3,1,132,342,572,1564,2692,8827,756,1872,0
R16,Male,Clay,"Stuttgart Outdoor",Germany,Stuttgart,5,131,3,1,132,342,572,1564,2692,8827,756,1872,0
R16,Male,Clay,"Stuttgart Outdoor",Germany,Stuttgart,5,131,3,1,132,342,572,1564,2692,8827,756,1872,0
R16,Male,Clay,"Stuttgart Outdoor",Germany,Stuttgart,5,131,3,1,132,342,572,1564,2692,8827,756,1872,0
R16,Male,Clay,"Stuttgart Outdoor",Germany,Stuttgart,5,131,3,1,132,342,572,1564,2692,8827,756,1872,0
R16,Male,Clay,"Stuttgart Outdoor",Germany,Stuttgart,5,131,3,1,132,342,572,1564,2692,8827,756,1872,0
R16,Male,Clay,"Stuttgart Outdoor",Germany,Stuttgart,5,131,3,1,132,342,572,1564,2692,8827,756,1872,0
R16,Male,Clay,"Stuttgart Outdoor",Germany,Stuttgart,5,131,3,1,132,342,572,1564,2692,8827,756,1872,0
R16,Male,Clay,"Stuttgart Outdoor",Germany,Stuttgart,5,131,3,1,132,342,572,1564,2692,8827,756,1872,0
R16,Male,Clay,"Stuttgart Outdoor",Germany,Stuttgart,5,131,3,1,132,342,572,1564,2692,8827,756,1872,0
R16,Male,Clay,"Stuttgart Outdoor",Germany,Stuttgart,5,131,3,1,132,342,572,1564,2692,8827,756,1872,0
R32,Male,Grass,"Australasian Championships",Australia,Melbourne,5,1,0,5,132,217,899,3157,2692,31366,1290,14712,0
R32,Male,Grass,"Australasian Championships","New Zealand",Christchurch,5,1,0,5,132,217,899,3157,2692,31366,1290,14712,0
R32,Male,Grass,"Australasian Championships",Australia,Brisbane,5,1,0,5,132,217,899,3157,2692,31366,1290,14712,0
R32,Male,Grass,"Australasian Championships",Australia,Sydney,5,1,0,5,132,217,899,3157,2692,31366,1290,14712,0
R32,Male,Grass,"Australasian Championships",Australia,Perth,5,1,0,5,132,217,899,3157,2692,31366,1290,14712,0
R32,Male,Grass,"Australasian Championships",Australia,Adelaide,5,1,0,5,132,217,899,3157,2692,31366,1290,14712,0
R32,Male,Grass,"Australasian Championships",Australia,Melbourne,5,1,0,5,132,217,899,3157,2692,31366,1290,14712,0
R32,Male,Grass,"Australasian Championships","United States",Hastings,5,1,0,5,132,217,899,3157,2692,31366,1290,14712,0
R32,Male,Grass,"Australasian Championships",Australia,Perth,5,1,0,5,132,217,899,3157,2692,31366,1290,14712,0
R32,Male,Grass,"Australasian Championships",Australia,Melbourne,5,1,0,5,132,217,899,3157,2692,31366,1290,14712,0
R32,Male,Grass,"Australasian Championships",Australia,Brisbane,5,1,0,5,132,217,899,3157,2692,31366,1290,14712,0
R32,Male,Grass,"Australasian Championships",Australia,Sydney,5,1,0,5,132,217,899,3157,2692,31366,1290,14712,0
R32,Male,Grass,"Australasian Championships",Australia,Adelaide,5,1,0,5,132,217,899,3157,2692,31366,1290,14712,0
R32,Male,Grass,"Australasian Championships",Australia,Perth,5,1,0,5,132,217,899,3157,2692,31366,1290,14712,0
R32,Male,Grass,"Australasian Championships",Australia,Sydney,5,1,0,5,132,217,899,3157,2692,31366,1290,14712,0
R32,Male,Grass,"Australasian Championships",Australia,Brisbane,5,1,0,5,132,217,899,3157,2692,31366,1290,14712,0
R32,Male,Grass,"Australasian Championships",Australia,Melbourne,5,1,0,5,132,217,899,3157,2692,31366,1290,14712,0
R32,Male,Grass,"Australian Championships",Australia,Sydney,5,1,0,5,132,217,899,3157,2692,31366,1290,14712,0
R32,Male,Grass,"Australian Championships",Australia,Adelaide,5,1,0,5,132,217,899,3157,2692,31366,1290,14712,0
R32,Male,Grass,"Australian Championships",Australia,Melbourne,5,1,0,5,132,217,899,3157,2692,31366,1290,14712,0
R32,Male,Grass,"Australian Championships",Australia,Sydney,5,1,0,5,132,217,899,3157,2692,31366,1290,14712,0
R32,Male,Grass,"Australian Championships",Australia,Adelaide,5,1,0,5,132,217,899,3157,2692,31366,1290,14712,0
R32,Male,Grass,"Australian Championships",Australia,Melbourne,5,1,0,5,132,217,899,3157,2692,31366,1290,14712,0
R32,Male,Grass,"Australian Championships",Australia,Sydney,5,1,0,5,132,217,899,3157,2692,31366,1290,14712,0
R32,Male,Grass,"Australian Championships",Australia,Adelaide,5,1,0,5,132,217,899,3157,2692,31366,1290,14712,0
R32,Male,Grass,"Australian Championships",Australia,Melbourne,5,1,0,5,132,217,899,3157,2692,31366,1290,14712,0
R32,Male,Grass,"Australian Championships",Australia,Sydney,5,1,0,5,132,217,899,3157,2692,31366,1290,14712,0
R32,Male,Grass,"Australian Championships",Australia,Melbourne,5,1,0,5,132,217,899,3157,2692,31366,1290,14712,0
R32,Male,Grass,"Australian Championships",Australia,Adelaide,5,1,0,5,132,217,899,3157,2692,31366,1290,14712,0
R32,Male,Grass,"Australian Championships",Australia,Sydney,5,1,0,5,132,217,899,3157,2692,31366,1290,14712,0
R32,Male,Grass,"Australian Championships",Australia,Adelaide,5,1,0,5,132,217,899,3157,2692,31366,1290,14712,0
R32,Male,Grass,"Australian Championships",Australia,Melbourne,5,1,0,5,132,217,899,3157,2692,31366,1290,14712,0
R32,Male,Grass,"Australian Championships",Australia,Sydney,5,1,0,5,132,217,899,3157,2692,31366,1290,14712,0
R32,Male,Grass,"Australian Championships",Australia,Adelaide,5,1,0,5,132,217,899,3157,2692,31366,1290,14712,0
R32,Male,Grass,"Australian Championships",Australia,Sydney,5,1,0,5,132,217,899,3157,2692,31366,1290,14712,0
R32,Male,Grass,"Australian Championships",Australia,Melbourne,5,1,0,5,132,217,899,3157,2692,31366,1290,14712,0
R32,Male,Grass,"Australian Championships",Australia,Adelaide,5,1,0,5,132,217,899,3157,2692,31366,1290,14712,0
R32,Male,Grass,"Australian Championships",Australia,Adelaide,5,1,0,5,132,217,899,3157,2692,31366,1290,14712,0
R32,Male,Grass,"Australian Championships",Australia,Sydney,5,1,0,5,132,217,899,3157,2692,31366,1290,14712,0
R32,Male,Grass,"Australian Championships",Australia,Adelaide,5,1,0,5,132,217,899,3157,2692,31366,1290,14712,0
R32,Male,Grass,"Australian Championships",Australia,Melbourne,5,1,0,5,132,217,899,3157,2692,31366,1290,14712,0
R32,Male,Grass,"Australian Championships",Australia,Sydney,5,1,0,5,132,217,899,3157,2692,31366,1290,14712,0
R32,Male,Grass,"Australian Championships",Australia,Adelaide,5,1,0,5,132,217,899,3157,2692,31366,1290,14712,0
R32,Male,Grass,"Australian Championships",Australia,Brisbane,5,1,0,5,132,217,899,3157,2692,31366,1290,14712,0
R32,Male,Grass,"Australian Championships",Australia,Melbourne,5,1,0,5,132,217,899,3157,2692,31366,1290,14712,0
R32,Male,Grass,"Australian Championships",Australia,Sydney,5,1,0,5,132,217,899,3157,2692,31366,1290,14712,0
R32,Male,Grass,"Australian Championships",Australia,Adelaide,5,1,0,5,132,217,899,3157,2692,31366,1290,14712,0
R32,Male,Grass,"Australian Championships",Australia,Brisbane,5,1,0,5,132,217,899,3157,2692,31366,1290,14712,0
R32,Male,Grass,"Australian Championships",Australia,Melbourne,5,1,0,5,132,217,899,3157,2692,31366,1290,14712,0
R32,Male,Grass,"Australian Championships",Australia,Sydney,5,1,0,5,132,217,899,3157,2692,31366,1290,14712,0
R32,Male,Grass,"Australian Championships",Australia,Adelaide,5,1,0,5,132,217,899,3157,2692,31366,1290,14712,0
R32,Male,Grass,"Australian Championships",Australia,Brisbane,5,1,0,5,132,217,899,3157,2692,31366,1290,14712,0
R32,Male,Grass,"Australian Championships",Australia,Melbourne,5,1,0,5,132,217,899,3157,2692,31366,1290,14712,0
R32,Male,Grass,"Australian Championships",Australia,Sydney,5,1,0,5,132,217,899,3157,2692,31366,1290,14712,0
R32,Male,Grass,"Australian Championships",Australia,Adelaide,5,1,0,5,132,217,899,3157,2692,31366,1290,14712,0
R32,Male,Grass,"Australian Chps.",Australia,Melbourne,5,1,0,5,132,217,899,3157,2692,31366,1290,14712,0
R32,Male,Grass,"Australian Open",Australia,Brisbane,5,1,0,5,132,217,899,3157,2692,31366,1290,14712,0
R32,Male,Grass,"Australian Open",Australia,Sydney,5,1,0,5,132,217,899,3157,2692,31366,1290,14712,0
R32,Male,Grass,"Australian Open",Australia,Sydney,5,1,0,5,132,217,899,3157,2692,31366,1290,14712,0
R32,Male,Grass,"Australian Open",Australia,Melbourne,5,1,0,5,132,217,899,3157,2692,31366,1290,14712,0
R32,Male,Grass,"Australian Open",Australia,Melbourne,5,1,0,5,132,217,899,3157,2692,31366,1290,14712,0
R32,Male,Grass,"Australian Open",Australia,Melbourne,5,1,0,5,132,217,899,3157,2692,31366,1290,14712,0
R32,Male,Grass,"Australian Open",Australia,Melbourne,5,1,0,5,132,217,899,3157,2692,31366,1290,14712,0
R32,Male,Grass,"Australian Open",Australia,Melbourne,5,1,0,5,132,217,899,3157,2692,31366,1290,14712,0
R32,Male,Grass,"Australian Open",Australia,Melbourne,5,1,0,5,132,217,899,3157,2692,31366,1290,14712,0
R32,Male,Grass,"Australian Open",Australia,Melbourne,5,1,0,5,132,217,899,3157,2692,31366,1290,14712,0
R32,Male,Grass,"Australian Open",Australia,Melbourne,5,1,0,5,132,217,899,3157,2692,31366,1290,14712,0
R32,Male,Grass,"Australian Open",Australia,Melbourne,5,1,0,5,132,217,899,3157,2692,31366,1290,14712,0
R32,Male,Grass,"Australian Open",Australia,Melbourne,5,1,0,5,132,217,899,3157,2692,31366,1290,14712,0
R32,Male,Grass,"Australian Open",Australia,Melbourne,5,1,0,5,132,217,899,3157,2692,31366,1290,14712,0
R32,Male,Grass,"Australian Open",Australia,Melbourne,5,1,0,5,132,217,899,3157,2692,31366,1290,14712,0
R32,Male,Grass,"Australian Open",Australia,Melbourne,5,1,0,5,132,217,899,3157,2692,31366,1290,14712,0
R32,Male,Grass,"Australian Open",Australia,Melbourne,5,1,0,5,132,217,899,3157,2692,31366,1290,14712,0
R32,Male,Grass,"Australian Open",Australia,Melbourne,5,1,0,5,132,217,899,3157,2692,31366,1290,14712,0
R32,Male,Hard,"Australian Open",Australia,Melbourne,5,1,0,5,132,217,521,1533,2692,31366,579,6064,0
R32,Male,Hard,"Australian Open",Australia,Melbourne,5,1,0,5,132,217,521,1533,2692,31366,579,6064,0
R32,Male,Hard,"Australian Open",Australia,Melbourne,5,1,0,5,132,217,521,1533,2692,31366,579,6064,0
R32,Male,Hard,"Australian Open",Australia,Melbourne,5,1,0,5,132,217,521,1533,2692,31366,579,6064,0
R32,Male,Hard,"Australian Open",Australia,Melbourne,5,1,0,5,132,217,521,1533,2692,31366,579,6064,0
R32,Male,Hard,"Australian Open",Australia,Melbourne,5,1,0,5,132,217,521,1533,2692,31366,579,6064,0
R32,Male,Hard,"Australian Open",Australia,Melbourne,5,1,0,5,132,217,521,1533,2692,31366,579,6064,0
R32,Male,Hard,"Australian Open",Australia,Melbourne,5,1,0,5,132,217,521,1533,2692,31366,579,6064,0
R32,Male,Hard,"Australian Open",Australia,Melbourne,5,1,0,5,132,217,521,1533,2692,31366,579,6064,0
R32,Male,Hard,"Australian Open",Australia,Melbourne,5,1,0,5,132,217,521,1533,2692,31366,579,6064,0
R32,Male,Hard,"Australian Open",Australia,Melbourne,5,1,0,5,132,217,521,1533,2692,31366,579,6064,0
R32,Male,Hard,"Australian Open",Australia,Melbourne,5,1,0,5,132,217,521,1533,2692,31366,579,6064,0
R32,Male,Hard,"Australian Open",Australia,Melbourne,5,1,0,5,132,217,521,1533,2692,31366,579,6064,0
R32,Male,Hard,"Australian Open",Australia,Melbourne,5,1,0,5,132,217,521,1533,2692,31366,579,6064,0
R32,Male,Hard,"Australian Open",Australia,Melbourne,5,1,0,5,132,217,521,1533,2692,31366,579,6064,0
R32,Male,Hard,"Australian Open",Australia,Melbourne,5,1,0,5,132,217,521,1533,2692,31366,579,6064,0
R32,Male,Hard,"Australian Open",Australia,Melbourne,5,1,0,5,132,217,521,1533,2692,31366,579,6064,0
R32,Male,Hard,"Australian Open",Australia,Melbourne,5,1,0,5,132,217,521,1533,2692,31366,579,6064,0
R32,Male,Hard,"Australian Open",Australia,Melbourne,5,1,0,5,132,217,521,1533,2692,31366,579,6064,0
R32,Male,Hard,"Australian Open",Australia,Melbourne,5,1,0,5,132,217,521,1533,2692,31366,579,6064,0
R32,Male,Hard,"Australian Open",Australia,Melbourne,5,1,0,5,132,217,521,1533,2692,31366,579,6064,0
R32,Male,Hard,"Australian Open",Australia,Melbourne,5,1,0,5,132,217,521,1533,2692,31366,579,6064,0
R32,Male,Hard,"Australian Open",Australia,Melbourne,5,1,0,5,132,217,521,1533,2692,31366,579,6064,0
R32,Male,Hard,"Australian Open",Australia,Melbourne,5,1,0,5,132,217,521,1533,2692,31366,579,6064,0
R32,Male,Hard,"Australian Open",Australia,Melbourne,5,1,0,5,132,217,521,1533,2692,31366,579,6064,0
R32,Male,Hard,"Australian Open",Australia,Melbourne,5,1,0,5,132,217,521,1533,2692,31366,579,6064,0
R32,Male,Hard,"Australian Open",Australia,Melbourne,5,1,0,5,132,217,521,1533,2692,31366,579,6064,0
R32,Male,Hard,"Australian Open",Australia,Melbourne,5,1,0,5,132,217,521,1533,2692,31366,579,6064,0
R32,Male,Hard,"Australian Open",Australia,Melbourne,5,1,0,5,132,217,521,1533,2692,31366,579,6064,0
R32,Male,Hard,"Australian Open",Australia,Melbourne,5,1,0,5,132,217,521,1533,2692,31366,579,6064,0
QF,Male,Hard,"ABN Amro World Tennis Tournament",Netherlands,Rotterdam,5,38,0,3,132,282,521,2129,2692,15549,579,4531,0
QF,Male,Carpet,Rotterdam,Netherlands,Rotterdam,5,38,0,3,132,282,72,293,2692,15549,67,561,0
QF,Male,Carpet,Rotterdam,Netherlands,Rotterdam,5,38,0,3,132,282,72,293,2692,15549,67,561,0
QF,Male,Carpet,Rotterdam,Netherlands,Rotterdam,5,38,0,3,132,282,72,293,2692,15549,67,561,0
QF,Male,Carpet,Rotterdam,Netherlands,Rotterdam,5,38,0,3,132,282,72,293,2692,15549,67,561,0
QF,Male,Hard,Rotterdam,Netherlands,Rotterdam,5,38,0,3,132,282,521,2129,2692,15549,579,4531,0
QF,Male,Carpet,Rotterdam,Netherlands,Rotterdam,5,38,0,3,132,282,72,293,2692,15549,67,561,0
QF,Male,Hard,Rotterdam,Netherlands,Rotterdam,5,38,0,3,132,282,521,2129,2692,15549,579,4531,0
QF,Male,Carpet,Rotterdam,Netherlands,Rotterdam,5,38,0,3,132,282,72,293,2692,15549,67,561,0
QF,Male,Carpet,Rotterdam,Netherlands,Rotterdam,5,38,0,3,132,282,72,293,2692,15549,67,561,0
QF,Male,Carpet,Rotterdam,Netherlands,Rotterdam,5,38,0,3,132,282,72,293,2692,15549,67,561,0
QF,Male,Carpet,Rotterdam,Netherlands,Rotterdam,5,38,0,3,132,282,72,293,2692,15549,67,561,0
QF,Male,Carpet,Rotterdam,Netherlands,Rotterdam,5,38,0,3,132,282,72,293,2692,15549,67,561,0
QF,Male,Carpet,Rotterdam,Netherlands,Rotterdam,5,38,0,3,132,282,72,293,2692,15549,67,561,0
QF,Male,Carpet,Rotterdam,Netherlands,Rotterdam,5,38,0,3,132,282,72,293,2692,15549,67,561,0
QF,Male,Carpet,Rotterdam,Netherlands,Rotterdam,5,38,0,3,132,282,72,293,2692,15549,67,561,0
QF,Male,Carpet,Rotterdam,Netherlands,Rotterdam,5,38,0,3,132,282,72,293,2692,15549,67,561,0
QF,Male,Carpet,Rotterdam,Netherlands,Rotterdam,5,38,0,3,132,282,72,293,2692,15549,67,561,0
QF,Male,Carpet,Rotterdam,Netherlands,Rotterdam,5,38,0,3,132,282,72,293,2692,15549,67,561,0
QF,Male,Carpet,Rotterdam,Netherlands,Rotterdam,5,38,0,3,132,282,72,293,2692,15549,67,561,0
QF,Male,Carpet,Rotterdam,Netherlands,Rotterdam,5,38,0,3,132,282,72,293,2692,15549,67,561,0
QF,Male,Carpet,Rotterdam,Netherlands,Rotterdam,5,38,0,3,132,282,72,293,2692,15549,67,561,0
QF,Male,Carpet,Rotterdam,Netherlands,Rotterdam,5,38,0,3,132,282,72,293,2692,15549,67,561,0
QF,Male,Carpet,Rotterdam,Netherlands,Rotterdam,5,38,0,3,132,282,72,293,2692,15549,67,561,0
QF,Male,Hard,Rotterdam,Netherlands,Rotterdam,5,38,0,3,132,282,521,2129,2692,15549,579,4531,0
QF,Male,Hard,Rotterdam,Netherlands,Rotterdam,5,38,0,3,132,282,521,2129,2692,15549,579,4531,0
QF,Male,Hard,Rotterdam,Netherlands,Rotterdam,5,38,0,3,132,282,521,2129,2692,15549,579,4531,0
QF,Male,Hard,Rotterdam,Netherlands,Rotterdam,5,38,0,3,132,282,521,2129,2692,15549,579,4531,0
QF,Male,Hard,Rotterdam,Netherlands,Rotterdam,5,38,0,3,132,282,521,2129,2692,15549,579,4531,0
QF,Male,Hard,Rotterdam,Netherlands,Rotterdam,5,38,0,3,132,282,521,2129,2692,15549,579,4531,0
QF,Male,Hard,Rotterdam,Netherlands,Rotterdam,5,38,0,3,132,282,521,2129,2692,15549,579,4531,0
QF,Male,Hard,Rotterdam,Netherlands,Rotterdam,5,38,0,3,132,282,521,2129,2692,15549,579,4531,0
QF,Male,Hard,Rotterdam,Netherlands,Rotterdam,5,38,0,3,132,282,521,2129,2692,15549,579,4531,0
QF,Male,Hard,Rotterdam,Netherlands,Rotterdam,5,38,0,3,132,282,521,2129,2692,15549,579,4531,0
QF,Male,Hard,Rotterdam,Netherlands,Rotterdam,5,38,0,3,132,282,521,2129,2692,15549,579,4531,0
QF,Male,Hard,Rotterdam,Netherlands,Rotterdam,5,38,0,3,132,282,521,2129,2692,15549,579,4531,0
QF,Male,Hard,Rotterdam,Netherlands,Rotterdam,5,38,0,3,132,282,521,2129,2692,15549,579,4531,0
QF,Male,Hard,Rotterdam,Netherlands,Rotterdam,5,38,0,3,132,282,521,2129,2692,15549,579,4531,0
QF,Male,Hard,Rotterdam,Netherlands,Rotterdam,5,38,0,3,132,282,521,2129,2692,15549,579,4531,0
QF,Male,Hard,Rotterdam,Netherlands,Rotterdam,5,38,0,3,132,282,521,2129,2692,15549,579,4531,0
QF,Male,Hard,Rotterdam,Netherlands,Rotterdam,5,38,0,3,132,282,521,2129,2692,15549,579,4531,0
QF,Male,Clay,"Rotterdam WCT",Netherlands,Rotterdam,5,38,0,3,132,282,572,2070,2692,15549,756,4324,0
QF,Male,Carpet,"Rotterdam WCT",Netherlands,Rotterdam,5,38,0,3,132,282,72,293,2692,15549,67,561,0
QF,Male,Carpet,"Rotterdam WTC",Netherlands,Rotterdam,5,38,0,3,132,282,72,293,2692,15549,67,561,0
SF,Male,Hard,"Citi Open","United States",Washington,5,38,0,3,132,282,521,2129,2692,15549,579,4531,0
SF,Male,Hard,Washington,"United States",Washington,5,38,0,3,132,282,521,2129,2692,15549,579,4531,0
SF,Male,Clay,Washington,"United States",Washington,5,38,0,3,132,282,572,2070,2692,15549,756,4324,0
SF,Male,Clay,Washington,"United States",Washington,5,38,0,3,132,282,572,2070,2692,15549,756,4324,0
SF,Male,Hard,Washington,"United States",Washington,5,38,0,3,132,282,521,2129,2692,15549,579,4531,0
SF,Male,Clay,Washington,"United States",Washington,5,38,0,3,132,282,572,2070,2692,15549,756,4324,0
SF,Male,Clay,Washington,"United States",Washington,5,38,0,3,132,282,572,2070,2692,15549,756,4324,0
SF,Male,Clay,Washington,"United States",Washington,5,38,0,3,132,282,572,2070,2692,15549,756,4324,0
SF,Male,Clay,Washington,"United States",Washington,5,38,0,3,132,282,572,2070,2692,15549,756,4324,0
SF,Male,Clay,Washington,"United States",Washington,5,38,0,3,132,282,572,2070,2692,15549,756,4324,0
SF,Male,Clay,Washington,"United States",Washington,5,38,0,3,132,282,572,2070,2692,15549,756,4324,0
SF,Male,Clay,Washington,"United States",Washington,5,38,0,3,132,282,572,2070,2692,15549,756,4324,0
SF,Male,Clay,Washington,"United States",Washington,5,38,0,3,132,282,572,2070,2692,15549,756,4324,0
SF,Male,Clay,Washington,"United States",Washington,5,38,0,3,132,282,572,2070,2692,15549,756,4324,0
SF,Male,Clay,Washington,"United States",Washington,5,38,0,3,132,282,572,2070,2692,15549,756,4324,0
SF,Male,Clay,Washington,"United States",Washington,5,38,0,3,132,282,572,2070,2692,15549,756,4324,0
SF,Male,Hard,Washington,"United States",Washington,5,38,0,3,132,282,521,2129,2692,15549,579,4531,0
SF,Male,Hard,Washington,"United States",Washington,5,38,0,3,132,282,521,2129,2692,15549,579,4531,0
SF,Male,Hard,Washington,"United States",Washington,5,38,0,3,132,282,521,2129,2692,15549,579,4531,0
SF,Male,Hard,Washington,"United States",Washington,5,38,0,3,132,282,521,2129,2692,15549,579,4531,0
SF,Male,Hard,Washington,"United States",Washington,5,38,0,3,132,282,521,2129,2692,15549,579,4531,0
SF,Male,Hard,Washington,"United States",Washington,5,38,0,3,132,282,521,2129,2692,15549,579,4531,0
SF,Male,Hard,Washington,"United States",Washington,5,38,0,3,132,282,521,2129,2692,15549,579,4531,0
SF,Male,Hard,Washington,"United States",Washington,5,38,0,3,132,282,521,2129,2692,15549,579,4531,0
SF,Male,Hard,Washington,"United States",Washington,5,38,0,3,132,282,521,2129,2692,15549,579,4531,0
SF,Male,Hard,Washington,"United States",Washington,5,38,0,3,132,282,521,2129,2692,15549,579,4531,0
SF,Male,Hard,Washington,"United States",Washington,5,38,0,3,132,282,521,2129,2692,15549,579,4531,0
SF,Male,Hard,Washington,"United States",Washington,5,38,0,3,132,282,521,2129,2692,15549,579,4531,0
SF,Male,Hard,Washington,"United States",Washington,5,38,0,3,132,282,521,2129,2692,15549,579,4531,0
SF,Male,Hard,Washington,"United States",Washington,5,38,0,3,132,282,521,2129,2692,15549,579,4531,0
SF,Male,Hard,Washington,"United States",Washington,5,38,0,3,132,282,521,2129,2692,15549,579,4531,0
SF,Male,Hard,Washington,"United States",Washington,5,38,0,3,132,282,521,2129,2692,15549,579,4531,0
SF,Male,Hard,Washington,"United States",Washington,5,38,0,3,132,282,521,2129,2692,15549,579,4531,0
SF,Male,Hard,Washington,"United States",Washington,5,38,0,3,132,282,521,2129,2692,15549,579,4531,0
SF,Male,Hard,Washington,"United States",Washington,5,38,0,3,132,282,521,2129,2692,15549,579,4531,0
SF,Male,Hard,Washington,"United States",Washington,5,38,0,3,132,282,521,2129,2692,15549,579,4531,0
SF,Male,Hard,Washington,"United States",Washington,5,38,0,3,132,282,521,2129,2692,15549,579,4531,0
