Round,Gender,Surface,Name,Country,City,winner_ranking,loser_ranking,winner_h2h,loser_h2h,winner_total_losses,loser_total_losses,winner_surface_losses,loser_surface_losses,winner_total_wins,loser_total_wins,winner_surface_wins,loser_surface_wins,prediction
R16,Male,Grass,"Gerry Weber Open",NULL,Halle,137,5,1,0,451,132,4534,899,11272,2692,5176,1290,1
R16,Male,Grass,Halle,NULL,Halle,137,5,1,0,451,132,4534,899,11272,2692,5176,1290,1
R16,Male,Grass,Halle,NULL,Halle,137,5,1,0,451,132,4534,899,11272,2692,5176,1290,1
R16,Male,Grass,Halle,NULL,Halle,137,5,1,0,451,132,4534,899,11272,2692,5176,1290,1
R16,Male,Grass,Halle,NULL,Halle,137,5,1,0,451,132,4534,899,11272,2692,5176,1290,1
R16,Male,Grass,Halle,NULL,Halle,137,5,1,0,451,132,4534,899,11272,2692,5176,1290,1
R16,Male,Grass,Halle,NULL,Halle,137,5,1,0,451,132,4534,899,11272,2692,5176,1290,1
R16,Male,Grass,Halle,NULL,Halle,137,5,1,0,451,132,4534,899,11272,2692,5176,1290,1
R16,Male,Grass,Halle,NULL,Halle,137,5,1,0,451,132,4534,899,11272,2692,5176,1290,1
R16,Male,Grass,Halle,NULL,Halle,137,5,1,0,451,132,4534,899,11272,2692,5176,1290,1
R16,Male,Grass,Halle,NULL,Halle,137,5,1,0,451,132,4534,899,11272,2692,5176,1290,1
R16,Male,Grass,Halle,NULL,Halle,137,5,1,0,451,132,4534,899,11272,2692,5176,1290,1
R16,Male,Grass,Halle,NULL,Halle,137,5,1,0,451,132,4534,899,11272,2692,5176,1290,1
R16,Male,Grass,Halle,NULL,Halle,137,5,1,0,451,132,4534,899,11272,2692,5176,1290,1
R16,Male,Grass,Halle,NULL,Halle,137,5,1,0,451,132,4534,899,11272,2692,5176,1290,1
R16,Male,Grass,Halle,NULL,Halle,137,5,1,0,451,132,4534,899,11272,2692,5176,1290,1
R16,Male,Grass,Halle,NULL,Halle,137,5,1,0,451,132,4534,899,11272,2692,5176,1290,1
R16,Male,Grass,Halle,NULL,Halle,137,5,1,0,451,132,4534,899,11272,2692,5176,1290,1
R16,Male,Grass,Halle,NULL,Halle,137,5,1,0,451,132,4534,899,11272,2692,5176,1290,1
R16,Male,Grass,Halle,NULL,Halle,137,5,1,0,451,132,4534,899,11272,2692,5176,1290,1
R16,Male,Grass,Halle,NULL,Halle,137,5,1,0,451,132,4534,899,11272,2692,5176,1290,1
R16,Male,Grass,Halle,NULL,Halle,137,5,1,0,451,132,4534,899,11272,2692,5176,1290,1
R16,Male,Grass,Halle,NULL,Halle,137,5,1,0,451,132,4534,899,11272,2692,5176,1290,1
R16,Male,Grass,Halle,NULL,Halle,137,5,1,0,451,132,4534,899,11272,2692,5176,1290,1
R16,Male,Grass,Halle,NULL,Halle,137,5,1,0,451,132,4534,899,11272,2692,5176,1290,1
R32,Male,Clay,"BMW Open by FWU",Germany,Munich,549,5,1,0,419,132,3130,572,13029,2692,4055,756,1
R32,Male,Clay,Munich,Germany,Munich,549,5,1,0,419,132,3130,572,13029,2692,4055,756,1
R32,Male,Clay,Munich,Germany,Munich,549,5,1,0,419,132,3130,572,13029,2692,4055,756,1
R32,Male,Clay,Munich,Germany,Munich,549,5,1,0,419,132,3130,572,13029,2692,4055,756,1
R32,Male,Clay,Munich,Germany,Munich,549,5,1,0,419,132,3130,572,13029,2692,4055,756,1
R32,Male,Clay,Munich,Germany,Munich,549,5,1,0,419,132,3130,572,13029,2692,4055,756,1
R32,Male,Clay,Munich,Germany,Munich,549,5,1,0,419,132,3130,572,13029,2692,4055,756,1
R32,Male,Clay,Munich,Germany,Munich,549,5,1,0,419,132,3130,572,13029,2692,4055,756,1
R32,Male,Clay,Munich,Germany,Munich,549,5,1,0,419,132,3130,572,13029,2692,4055,756,1
R32,Male,Clay,Munich,Germany,Munich,549,5,1,0,419,132,3130,572,13029,2692,4055,756,1
R32,Male,Clay,Munich,Germany,Munich,549,5,1,0,419,132,3130,572,13029,2692,4055,756,1
R32,Male,Clay,Munich,Germany,Munich,549,5,1,0,419,132,3130,572,13029,2692,4055,756,1
R32,Male,Clay,Munich,Germany,Munich,549,5,1,0,419,132,3130,572,13029,2692,4055,756,1
R32,Male,Clay,Munich,Germany,Munich,549,5,1,0,419,132,3130,572,13029,2692,4055,756,1
R32,Male,Clay,Munich,Germany,Munich,549,5,1,0,419,132,3130,572,13029,2692,4055,756,1
R32,Male,Clay,Munich,Germany,Munich,549,5,1,0,419,132,3130,572,13029,2692,4055,756,1
R32,Male,Clay,Munich,Germany,Munich,549,5,1,0,419,132,3130,572,13029,2692,4055,756,1
R32,Male,Clay,Munich,Germany,Munich,549,5,1,0,419,132,3130,572,13029,2692,4055,756,1
R32,Male,Clay,Munich,Germany,Munich,549,5,1,0,419,132,3130,572,13029,2692,4055,756,1
R32,Male,Clay,Munich,Germany,Munich,549,5,1,0,419,132,3130,572,13029,2692,4055,756,1
R32,Male,Clay,Munich,Germany,Munich,549,5,1,0,419,132,3130,572,13029,2692,4055,756,1
R32,Male,Clay,Munich,Germany,Munich,549,5,1,0,419,132,3130,572,13029,2692,4055,756,1
R32,Male,Clay,Munich,Germany,Munich,549,5,1,0,419,132,3130,572,13029,2692,4055,756,1
R32,Male,Clay,Munich,Germany,Munich,549,5,1,0,419,132,3130,572,13029,2692,4055,756,1
R32,Male,Clay,Munich,Germany,Munich,549,5,1,0,419,132,3130,572,13029,2692,4055,756,1
R32,Male,Clay,Munich,Germany,Munich,549,5,1,0,419,132,3130,572,13029,2692,4055,756,1
R32,Male,Clay,Munich,Germany,Munich,549,5,1,0,419,132,3130,572,13029,2692,4055,756,1
R32,Male,Clay,Munich,Germany,Munich,549,5,1,0,419,132,3130,572,13029,2692,4055,756,1
R32,Male,Clay,Munich,Germany,Munich,549,5,1,0,419,132,3130,572,13029,2692,4055,756,1
R32,Male,Clay,Munich,Germany,Munich,549,5,1,0,419,132,3130,572,13029,2692,4055,756,1
R32,Male,Clay,Munich,Germany,Munich,549,5,1,0,419,132,3130,572,13029,2692,4055,756,1
R32,Male,Clay,Munich,Germany,Munich,549,5,1,0,419,132,3130,572,13029,2692,4055,756,1
R32,Male,Clay,Munich,Germany,Munich,549,5,1,0,419,132,3130,572,13029,2692,4055,756,1
R32,Male,Clay,Munich,Germany,Munich,549,5,1,0,419,132,3130,572,13029,2692,4055,756,1
R32,Male,Clay,Munich,Germany,Munich,549,5,1,0,419,132,3130,572,13029,2692,4055,756,1
R32,Male,Clay,Munich,Germany,Munich,549,5,1,0,419,132,3130,572,13029,2692,4055,756,1
R32,Male,Clay,Munich,Germany,Munich,549,5,1,0,419,132,3130,572,13029,2692,4055,756,1
R32,Male,Clay,Munich,Germany,Munich,549,5,1,0,419,132,3130,572,13029,2692,4055,756,1
R32,Male,Clay,Munich,Germany,Munich,549,5,1,0,419,132,3130,572,13029,2692,4055,756,1
R32,Male,Clay,Munich,Germany,Munich,549,5,1,0,419,132,3130,572,13029,2692,4055,756,1
R32,Male,Clay,Munich,Germany,Munich,549,5,1,0,419,132,3130,572,13029,2692,4055,756,1
R32,Male,Clay,Munich,Germany,Munich,549,5,1,0,419,132,3130,572,13029,2692,4055,756,1
R32,Male,Clay,Munich,Germany,Munich,549,5,1,0,419,132,3130,572,13029,2692,4055,756,1
R32,Male,Clay,Munich,Germany,Munich,549,5,1,0,419,132,3130,572,13029,2692,4055,756,1
SF,Male,Hard,Montpellier,France,Montpellier,632,5,2,3,416,132,2405,521,9635,2692,1985,579,1
SF,Male,Hard,Montpellier,France,Montpellier,632,5,2,3,416,132,2405,521,9635,2692,1985,579,1
SF,Male,Hard,Montpellier,France,Montpellier,632,5,2,3,416,132,2405,521,9635,2692,1985,579,1
SF,Male,Hard,Montpellier,France,Montpellier,632,5,2,3,416,132,2405,521,9635,2692,1985,579,1
SF,Male,Hard,Montpellier,France,Montpellier,632,5,2,3,416,132,2405,521,9635,2692,1985,579,1
SF,Male,Hard,Montpellier,France,Montpellier,632,5,2,3,416,132,2405,521,9635,2692,1985,579,1
SF,Male,Hard,"Open Sud de France",France,Montpellier,632,5,2,3,416,132,2405,521,9635,2692,1985,579,1
SF,Male,Clay,"ATP Masters Series Hamburg",Germany,Hamburg,149,5,2,3,445,132,3144,572,25099,2692,8332,756,1
SF,Male,Clay,"ATP Masters Series Hamburg",Germany,Hamburg,149,5,2,3,445,132,3144,572,25099,2692,8332,756,1
SF,Male,Clay,"ATP Masters Series Hamburg",Germany,Hamburg,149,5,2,3,445,132,3144,572,25099,2692,8332,756,1
SF,Male,Clay,"ATP Masters Series Hamburg",Germany,Hamburg,149,5,2,3,445,132,3144,572,25099,2692,8332,756,1
SF,Male,Clay,"ATP Masters Series Hamburg",Germany,Hamburg,149,5,2,3,445,132,3144,572,25099,2692,8332,756,1
SF,Male,Clay,"ATP Masters Series Hamburg",Germany,Hamburg,149,5,2,3,445,132,3144,572,25099,2692,8332,756,1
SF,Male,Clay,"ATP Masters Series Hamburg",Germany,Hamburg,149,5,2,3,445,132,3144,572,25099,2692,8332,756,1
SF,Male,Clay,"ATP Masters Series Hamburg",Germany,Hamburg,149,5,2,3,445,132,3144,572,25099,2692,8332,756,1
SF,Male,Clay,"ATP Masters Series Hamburg",Germany,Hamburg,149,5,2,3,445,132,3144,572,25099,2692,8332,756,1
SF,Male,Clay,"ATP Masters Series Hamburg",Germany,Hamburg,149,5,2,3,445,132,3144,572,25099,2692,8332,756,1
SF,Male,Clay,"ATP Masters Series Hamburg",Germany,Hamburg,149,5,2,3,445,132,3144,572,25099,2692,8332,756,1
SF,Male,Clay,"ATP Masters Series Hamburg",Germany,Hamburg,149,5,2,3,445,132,3144,572,25099,2692,8332,756,1
SF,Male,Clay,"ATP Masters Series Hamburg",Germany,Hamburg,149,5,2,3,445,132,3144,572,25099,2692,8332,756,1
SF,Male,Clay,"ATP Masters Series Hamburg",Germany,Hamburg,149,5,2,3,445,132,3144,572,25099,2692,8332,756,1
SF,Male,Clay,"ATP Masters Series Hamburg",Germany,Hamburg,149,5,2,3,445,132,3144,572,25099,2692,8332,756,1
SF,Male,Clay,"ATP Masters Series Hamburg",Germany,Hamburg,149,5,2,3,445,132,3144,572,25099,2692,8332,756,1
SF,Male,Clay,"ATP Masters Series Hamburg",Germany,Hamburg,149,5,2,3,445,132,3144,572,25099,2692,8332,756,1
SF,Male,Clay,"ATP Masters Series Hamburg",Germany,Hamburg,149,5,2,3,445,132,3144,572,25099,2692,8332,756,1
SF,Male,Clay,"ATP Masters Series Hamburg",Germany,Hamburg,149,5,2,3,445,132,3144,572,25099,2692,8332,756,1
SF,Male,Clay,"German Tennis Championships 2017",Germany,Hamburg,149,5,2,3,445,132,3144,572,25099,2692,8332,756,1
SF,Male,Clay,Hamburg,Germany,Hamburg,149,5,2,3,445,132,3144,572,25099,2692,8332,756,1
SF,Male,Clay,Hamburg,Germany,Hamburg,149,5,2,3,445,132,3144,572,25099,2692,8332,756,1
SF,Male,Clay,Hamburg,Germany,Hamburg,149,5,2,3,445,132,3144,572,25099,2692,8332,756,1
SF,Male,Clay,Hamburg,Germany,Hamburg,149,5,2,3,445,132,3144,572,25099,2692,8332,756,1
SF,Male,Clay,Hamburg,Germany,Hamburg,149,5,2,3,445,132,3144,572,25099,2692,8332,756,1
SF,Male,Clay,Hamburg,Germany,Hamburg,149,5,2,3,445,132,3144,572,25099,2692,8332,756,1
SF,Male,Clay,Hamburg,Germany,Hamburg,149,5,2,3,445,132,3144,572,25099,2692,8332,756,1
SF,Male,Clay,Hamburg,Germany,Hamburg,149,5,2,3,445,132,3144,572,25099,2692,8332,756,1
SF,Male,Clay,Hamburg,Germany,Hamburg,149,5,2,3,445,132,3144,572,25099,2692,8332,756,1
SF,Male,Clay,Hamburg,Germany,Hamburg,149,5,2,3,445,132,3144,572,25099,2692,8332,756,1
SF,Male,Clay,Hamburg,Germany,Hamburg,149,5,2,3,445,132,3144,572,25099,2692,8332,756,1
SF,Male,Clay,Hamburg,Germany,Hamburg,149,5,2,3,445,132,3144,572,25099,2692,8332,756,1
SF,Male,Clay,Hamburg,Germany,Hamburg,149,5,2,3,445,132,3144,572,25099,2692,8332,756,1
SF,Male,Clay,Hamburg,Germany,Hamburg,149,5,2,3,445,132,3144,572,25099,2692,8332,756,1
SF,Male,Clay,Hamburg,Germany,Hamburg,149,5,2,3,445,132,3144,572,25099,2692,8332,756,1
SF,Male,Clay,Hamburg,Germany,Hamburg,149,5,2,3,445,132,3144,572,25099,2692,8332,756,1
SF,Male,Clay,Hamburg,Germany,Hamburg,149,5,2,3,445,132,3144,572,25099,2692,8332,756,1
SF,Male,Clay,Hamburg,Germany,Hamburg,149,5,2,3,445,132,3144,572,25099,2692,8332,756,1
SF,Male,Clay,Hamburg,Germany,Hamburg,149,5,2,3,445,132,3144,572,25099,2692,8332,756,1
SF,Male,Clay,Hamburg,Germany,Hamburg,149,5,2,3,445,132,3144,572,25099,2692,8332,756,1
SF,Male,Clay,Hamburg,Germany,Hamburg,149,5,2,3,445,132,3144,572,25099,2692,8332,756,1
SF,Male,Clay,Hamburg,Germany,Hamburg,149,5,2,3,445,132,3144,572,25099,2692,8332,756,1
SF,Male,Clay,Hamburg,Germany,Hamburg,149,5,2,3,445,132,3144,572,25099,2692,8332,756,1
SF,Male,Clay,Hamburg,Germany,Hamburg,149,5,2,3,445,132,3144,572,25099,2692,8332,756,1
SF,Male,Clay,Hamburg,Germany,Hamburg,149,5,2,3,445,132,3144,572,25099,2692,8332,756,1
SF,Male,Clay,Hamburg,Germany,Hamburg,149,5,2,3,445,132,3144,572,25099,2692,8332,756,1
SF,Male,Clay,Hamburg,Germany,Hamburg,149,5,2,3,445,132,3144,572,25099,2692,8332,756,1
SF,Male,Clay,Hamburg,Germany,Hamburg,149,5,2,3,445,132,3144,572,25099,2692,8332,756,1
SF,Male,Clay,Hamburg,Germany,Hamburg,149,5,2,3,445,132,3144,572,25099,2692,8332,756,1
SF,Male,Clay,Hamburg,Germany,Hamburg,149,5,2,3,445,132,3144,572,25099,2692,8332,756,1
QF,Male,Hard,Beijing,China,Beijing,149,5,2,3,445,132,2603,521,25099,2692,6019,579,1
QF,Male,Hard,Beijing,China,Beijing,149,5,2,3,445,132,2603,521,25099,2692,6019,579,1
QF,Male,Hard,Beijing,China,Beijing,149,5,2,3,445,132,2603,521,25099,2692,6019,579,1
QF,Male,Hard,Beijing,China,Beijing,149,5,2,3,445,132,2603,521,25099,2692,6019,579,1
QF,Male,Hard,Beijing,China,Beijing,149,5,2,3,445,132,2603,521,25099,2692,6019,579,1
QF,Male,Hard,Beijing,China,Beijing,149,5,2,3,445,132,2603,521,25099,2692,6019,579,1
QF,Male,Hard,Beijing,China,Beijing,149,5,2,3,445,132,2603,521,25099,2692,6019,579,1
QF,Male,Hard,Beijing,China,Beijing,149,5,2,3,445,132,2603,521,25099,2692,6019,579,1
QF,Male,Hard,Beijing,China,Beijing,149,5,2,3,445,132,2603,521,25099,2692,6019,579,1
QF,Male,Hard,Beijing,China,Beijing,149,5,2,3,445,132,2603,521,25099,2692,6019,579,1
QF,Male,Hard,Beijing,China,Beijing,149,5,2,3,445,132,2603,521,25099,2692,6019,579,1
QF,Male,Hard,Beijing,China,Beijing,149,5,2,3,445,132,2603,521,25099,2692,6019,579,1
QF,Male,Hard,Beijing,China,Beijing,149,5,2,3,445,132,2603,521,25099,2692,6019,579,1
QF,Male,Hard,"China Open",China,Beijing,149,5,2,3,445,132,2603,521,25099,2692,6019,579,1
SF,Male,Clay,Bastad,NULL,Bastad,231,5,2,0,441,132,3595,572,19449,2692,7758,756,1
SF,Male,Clay,Bastad,NULL,Bastad,231,5,2,0,441,132,3595,572,19449,2692,7758,756,1
SF,Male,Clay,Bastad,NULL,Bastad,231,5,2,0,441,132,3595,572,19449,2692,7758,756,1
SF,Male,Clay,Bastad,NULL,Bastad,231,5,2,0,441,132,3595,572,19449,2692,7758,756,1
SF,Male,Clay,Bastad,NULL,Bastad,231,5,2,0,441,132,3595,572,19449,2692,7758,756,1
SF,Male,Clay,Bastad,NULL,Bastad,231,5,2,0,441,132,3595,572,19449,2692,7758,756,1
SF,Male,Clay,Bastad,NULL,Bastad,231,5,2,0,441,132,3595,572,19449,2692,7758,756,1
SF,Male,Clay,Bastad,NULL,Bastad,231,5,2,0,441,132,3595,572,19449,2692,7758,756,1
SF,Male,Clay,Bastad,NULL,Bastad,231,5,2,0,441,132,3595,572,19449,2692,7758,756,1
SF,Male,Clay,Bastad,NULL,Bastad,231,5,2,0,441,132,3595,572,19449,2692,7758,756,1
SF,Male,Clay,Bastad,NULL,Bastad,231,5,2,0,441,132,3595,572,19449,2692,7758,756,1
SF,Male,Clay,Bastad,NULL,Bastad,231,5,2,0,441,132,3595,572,19449,2692,7758,756,1
SF,Male,Clay,Bastad,NULL,Bastad,231,5,2,0,441,132,3595,572,19449,2692,7758,756,1
SF,Male,Clay,Bastad,NULL,Bastad,231,5,2,0,441,132,3595,572,19449,2692,7758,756,1
SF,Male,Clay,Bastad,NULL,Bastad,231,5,2,0,441,132,3595,572,19449,2692,7758,756,1
SF,Male,Clay,Bastad,NULL,Bastad,231,5,2,0,441,132,3595,572,19449,2692,7758,756,1
SF,Male,Clay,Bastad,NULL,Bastad,231,5,2,0,441,132,3595,572,19449,2692,7758,756,1
SF,Male,Clay,Bastad,NULL,Bastad,231,5,2,0,441,132,3595,572,19449,2692,7758,756,1
SF,Male,Clay,Bastad,NULL,Bastad,231,5,2,0,441,132,3595,572,19449,2692,7758,756,1
SF,Male,Clay,Bastad,NULL,Bastad,231,5,2,0,441,132,3595,572,19449,2692,7758,756,1
SF,Male,Clay,Bastad,NULL,Bastad,231,5,2,0,441,132,3595,572,19449,2692,7758,756,1
SF,Male,Clay,Bastad,NULL,Bastad,231,5,2,0,441,132,3595,572,19449,2692,7758,756,1
SF,Male,Clay,Bastad,NULL,Bastad,231,5,2,0,441,132,3595,572,19449,2692,7758,756,1
SF,Male,Clay,Bastad,NULL,Bastad,231,5,2,0,441,132,3595,572,19449,2692,7758,756,1
SF,Male,Clay,Bastad,NULL,Bastad,231,5,2,0,441,132,3595,572,19449,2692,7758,756,1
SF,Male,Clay,Bastad,NULL,Bastad,231,5,2,0,441,132,3595,572,19449,2692,7758,756,1
SF,Male,Clay,Bastad,NULL,Bastad,231,5,2,0,441,132,3595,572,19449,2692,7758,756,1
SF,Male,Clay,Bastad,NULL,Bastad,231,5,2,0,441,132,3595,572,19449,2692,7758,756,1
SF,Male,Clay,Bastad,NULL,Bastad,231,5,2,0,441,132,3595,572,19449,2692,7758,756,1
SF,Male,Clay,Bastad,NULL,Bastad,231,5,2,0,441,132,3595,572,19449,2692,7758,756,1
SF,Male,Clay,Bastad,NULL,Bastad,231,5,2,0,441,132,3595,572,19449,2692,7758,756,1
SF,Male,Clay,Bastad,NULL,Bastad,231,5,2,0,441,132,3595,572,19449,2692,7758,756,1
SF,Male,Clay,Bastad,NULL,Bastad,231,5,2,0,441,132,3595,572,19449,2692,7758,756,1
SF,Male,Clay,Bastad,NULL,Bastad,231,5,2,0,441,132,3595,572,19449,2692,7758,756,1
SF,Male,Clay,Bastad,NULL,Bastad,231,5,2,0,441,132,3595,572,19449,2692,7758,756,1
SF,Male,Clay,Bastad,NULL,Bastad,231,5,2,0,441,132,3595,572,19449,2692,7758,756,1
SF,Male,Clay,Bastad,NULL,Bastad,231,5,2,0,441,132,3595,572,19449,2692,7758,756,1
SF,Male,Clay,Bastad,NULL,Bastad,231,5,2,0,441,132,3595,572,19449,2692,7758,756,1
SF,Male,Clay,Bastad,NULL,B†stad,231,5,2,0,441,132,3595,572,19449,2692,7758,756,1
SF,Male,Clay,Bastad,NULL,Bastad,231,5,2,0,441,132,3595,572,19449,2692,7758,756,1
SF,Male,Clay,Bastad,NULL,Bastad,231,5,2,0,441,132,3595,572,19449,2692,7758,756,1
SF,Male,Clay,Bastad,NULL,Bastad,231,5,2,0,441,132,3595,572,19449,2692,7758,756,1
SF,Male,Clay,Bastad,NULL,Bastad,231,5,2,0,441,132,3595,572,19449,2692,7758,756,1
SF,Male,Clay,Båstad,NULL,Bastad,231,5,2,0,441,132,3595,572,19449,2692,7758,756,1
SF,Male,Clay,Båstad,NULL,Bastad,231,5,2,0,441,132,3595,572,19449,2692,7758,756,1
SF,Male,Clay,Båstad,NULL,Bastad,231,5,2,0,441,132,3595,572,19449,2692,7758,756,1
SF,Male,Clay,Båstad,NULL,Bastad,231,5,2,0,441,132,3595,572,19449,2692,7758,756,1
SF,Male,Clay,"SkiStar Swedish Open",NULL,Bastad,231,5,2,0,441,132,3595,572,19449,2692,7758,756,1
R32,Male,Clay,"ATP Masters Series Hamburg",Germany,Hamburg,231,5,2,0,441,132,3595,572,19449,2692,7758,756,1
R32,Male,Clay,"ATP Masters Series Hamburg",Germany,Hamburg,231,5,2,0,441,132,3595,572,19449,2692,7758,756,1
R32,Male,Clay,"ATP Masters Series Hamburg",Germany,Hamburg,231,5,2,0,441,132,3595,572,19449,2692,7758,756,1
R32,Male,Clay,"ATP Masters Series Hamburg",Germany,Hamburg,231,5,2,0,441,132,3595,572,19449,2692,7758,756,1
R32,Male,Clay,"ATP Masters Series Hamburg",Germany,Hamburg,231,5,2,0,441,132,3595,572,19449,2692,7758,756,1
R32,Male,Clay,"ATP Masters Series Hamburg",Germany,Hamburg,231,5,2,0,441,132,3595,572,19449,2692,7758,756,1
R32,Male,Clay,"ATP Masters Series Hamburg",Germany,Hamburg,231,5,2,0,441,132,3595,572,19449,2692,7758,756,1
R32,Male,Clay,"ATP Masters Series Hamburg",Germany,Hamburg,231,5,2,0,441,132,3595,572,19449,2692,7758,756,1
R32,Male,Clay,"ATP Masters Series Hamburg",Germany,Hamburg,231,5,2,0,441,132,3595,572,19449,2692,7758,756,1
R32,Male,Clay,"ATP Masters Series Hamburg",Germany,Hamburg,231,5,2,0,441,132,3595,572,19449,2692,7758,756,1
R32,Male,Clay,"ATP Masters Series Hamburg",Germany,Hamburg,231,5,2,0,441,132,3595,572,19449,2692,7758,756,1
R32,Male,Clay,"ATP Masters Series Hamburg",Germany,Hamburg,231,5,2,0,441,132,3595,572,19449,2692,7758,756,1
R32,Male,Clay,"ATP Masters Series Hamburg",Germany,Hamburg,231,5,2,0,441,132,3595,572,19449,2692,7758,756,1
R32,Male,Clay,"ATP Masters Series Hamburg",Germany,Hamburg,231,5,2,0,441,132,3595,572,19449,2692,7758,756,1
R32,Male,Clay,"ATP Masters Series Hamburg",Germany,Hamburg,231,5,2,0,441,132,3595,572,19449,2692,7758,756,1
R32,Male,Clay,"ATP Masters Series Hamburg",Germany,Hamburg,231,5,2,0,441,132,3595,572,19449,2692,7758,756,1
R32,Male,Clay,"ATP Masters Series Hamburg",Germany,Hamburg,231,5,2,0,441,132,3595,572,19449,2692,7758,756,1
R32,Male,Clay,"ATP Masters Series Hamburg",Germany,Hamburg,231,5,2,0,441,132,3595,572,19449,2692,7758,756,1
R32,Male,Clay,"ATP Masters Series Hamburg",Germany,Hamburg,231,5,2,0,441,132,3595,572,19449,2692,7758,756,1
R32,Male,Clay,"German Tennis Championships 2017",Germany,Hamburg,231,5,2,0,441,132,3595,572,19449,2692,7758,756,1
R32,Male,Clay,Hamburg,Germany,Hamburg,231,5,2,0,441,132,3595,572,19449,2692,7758,756,1
R32,Male,Clay,Hamburg,Germany,Hamburg,231,5,2,0,441,132,3595,572,19449,2692,7758,756,1
R32,Male,Clay,Hamburg,Germany,Hamburg,231,5,2,0,441,132,3595,572,19449,2692,7758,756,1
R32,Male,Clay,Hamburg,Germany,Hamburg,231,5,2,0,441,132,3595,572,19449,2692,7758,756,1
R32,Male,Clay,Hamburg,Germany,Hamburg,231,5,2,0,441,132,3595,572,19449,2692,7758,756,1
R32,Male,Clay,Hamburg,Germany,Hamburg,231,5,2,0,441,132,3595,572,19449,2692,7758,756,1
R32,Male,Clay,Hamburg,Germany,Hamburg,231,5,2,0,441,132,3595,572,19449,2692,7758,756,1
R32,Male,Clay,Hamburg,Germany,Hamburg,231,5,2,0,441,132,3595,572,19449,2692,7758,756,1
R32,Male,Clay,Hamburg,Germany,Hamburg,231,5,2,0,441,132,3595,572,19449,2692,7758,756,1
R32,Male,Clay,Hamburg,Germany,Hamburg,231,5,2,0,441,132,3595,572,19449,2692,7758,756,1
R32,Male,Clay,Hamburg,Germany,Hamburg,231,5,2,0,441,132,3595,572,19449,2692,7758,756,1
R32,Male,Clay,Hamburg,Germany,Hamburg,231,5,2,0,441,132,3595,572,19449,2692,7758,756,1
R32,Male,Clay,Hamburg,Germany,Hamburg,231,5,2,0,441,132,3595,572,19449,2692,7758,756,1
R32,Male,Clay,Hamburg,Germany,Hamburg,231,5,2,0,441,132,3595,572,19449,2692,7758,756,1
R32,Male,Clay,Hamburg,Germany,Hamburg,231,5,2,0,441,132,3595,572,19449,2692,7758,756,1
R32,Male,Clay,Hamburg,Germany,Hamburg,231,5,2,0,441,132,3595,572,19449,2692,7758,756,1
R32,Male,Clay,Hamburg,Germany,Hamburg,231,5,2,0,441,132,3595,572,19449,2692,7758,756,1
R32,Male,Clay,Hamburg,Germany,Hamburg,231,5,2,0,441,132,3595,572,19449,2692,7758,756,1
R32,Male,Clay,Hamburg,Germany,Hamburg,231,5,2,0,441,132,3595,572,19449,2692,7758,756,1
R32,Male,Clay,Hamburg,Germany,Hamburg,231,5,2,0,441,132,3595,572,19449,2692,7758,756,1
R32,Male,Clay,Hamburg,Germany,Hamburg,231,5,2,0,441,132,3595,572,19449,2692,7758,756,1
R32,Male,Clay,Hamburg,Germany,Hamburg,231,5,2,0,441,132,3595,572,19449,2692,7758,756,1
R32,Male,Clay,Hamburg,Germany,Hamburg,231,5,2,0,441,132,3595,572,19449,2692,7758,756,1
R32,Male,Clay,Hamburg,Germany,Hamburg,231,5,2,0,441,132,3595,572,19449,2692,7758,756,1
R32,Male,Clay,Hamburg,Germany,Hamburg,231,5,2,0,441,132,3595,572,19449,2692,7758,756,1
R32,Male,Clay,Hamburg,Germany,Hamburg,231,5,2,0,441,132,3595,572,19449,2692,7758,756,1
R32,Male,Clay,Hamburg,Germany,Hamburg,231,5,2,0,441,132,3595,572,19449,2692,7758,756,1
R32,Male,Clay,Hamburg,Germany,Hamburg,231,5,2,0,441,132,3595,572,19449,2692,7758,756,1
R32,Male,Clay,Hamburg,Germany,Hamburg,231,5,2,0,441,132,3595,572,19449,2692,7758,756,1
R32,Male,Clay,Hamburg,Germany,Hamburg,231,5,2,0,441,132,3595,572,19449,2692,7758,756,1
F,Male,Grass,"Gerry Weber Open",NULL,Halle,286,5,1,0,377,132,3638,899,8992,2692,4175,1290,1
F,Male,Grass,Halle,NULL,Halle,286,5,1,0,377,132,3638,899,8992,2692,4175,1290,1
F,Male,Grass,Halle,NULL,Halle,286,5,1,0,377,132,3638,899,8992,2692,4175,1290,1
F,Male,Grass,Halle,NULL,Halle,286,5,1,0,377,132,3638,899,8992,2692,4175,1290,1
F,Male,Grass,Halle,NULL,Halle,286,5,1,0,377,132,3638,899,8992,2692,4175,1290,1
F,Male,Grass,Halle,NULL,Halle,286,5,1,0,377,132,3638,899,8992,2692,4175,1290,1
F,Male,Grass,Halle,NULL,Halle,286,5,1,0,377,132,3638,899,8992,2692,4175,1290,1
F,Male,Grass,Halle,NULL,Halle,286,5,1,0,377,132,3638,899,8992,2692,4175,1290,1
F,Male,Grass,Halle,NULL,Halle,286,5,1,0,377,132,3638,899,8992,2692,4175,1290,1
F,Male,Grass,Halle,NULL,Halle,286,5,1,0,377,132,3638,899,8992,2692,4175,1290,1
F,Male,Grass,Halle,NULL,Halle,286,5,1,0,377,132,3638,899,8992,2692,4175,1290,1
F,Male,Grass,Halle,NULL,Halle,286,5,1,0,377,132,3638,899,8992,2692,4175,1290,1
F,Male,Grass,Halle,NULL,Halle,286,5,1,0,377,132,3638,899,8992,2692,4175,1290,1
F,Male,Grass,Halle,NULL,Halle,286,5,1,0,377,132,3638,899,8992,2692,4175,1290,1
F,Male,Grass,Halle,NULL,Halle,286,5,1,0,377,132,3638,899,8992,2692,4175,1290,1
F,Male,Grass,Halle,NULL,Halle,286,5,1,0,377,132,3638,899,8992,2692,4175,1290,1
F,Male,Grass,Halle,NULL,Halle,286,5,1,0,377,132,3638,899,8992,2692,4175,1290,1
F,Male,Grass,Halle,NULL,Halle,286,5,1,0,377,132,3638,899,8992,2692,4175,1290,1
F,Male,Grass,Halle,NULL,Halle,286,5,1,0,377,132,3638,899,8992,2692,4175,1290,1
F,Male,Grass,Halle,NULL,Halle,286,5,1,0,377,132,3638,899,8992,2692,4175,1290,1
F,Male,Grass,Halle,NULL,Halle,286,5,1,0,377,132,3638,899,8992,2692,4175,1290,1
F,Male,Grass,Halle,NULL,Halle,286,5,1,0,377,132,3638,899,8992,2692,4175,1290,1
F,Male,Grass,Halle,NULL,Halle,286,5,1,0,377,132,3638,899,8992,2692,4175,1290,1
F,Male,Grass,Halle,NULL,Halle,286,5,1,0,377,132,3638,899,8992,2692,4175,1290,1
F,Male,Grass,Halle,NULL,Halle,286,5,1,0,377,132,3638,899,8992,2692,4175,1290,1
R16,Male,Clay,"BMW Open by FWU",Germany,Munich,37,5,3,2,435,132,3058,572,15271,2692,4543,756,1
R16,Male,Clay,Munich,Germany,Munich,37,5,3,2,435,132,3058,572,15271,2692,4543,756,1
R16,Male,Clay,Munich,Germany,Munich,37,5,3,2,435,132,3058,572,15271,2692,4543,756,1
R16,Male,Clay,Munich,Germany,Munich,37,5,3,2,435,132,3058,572,15271,2692,4543,756,1
R16,Male,Clay,Munich,Germany,Munich,37,5,3,2,435,132,3058,572,15271,2692,4543,756,1
R16,Male,Clay,Munich,Germany,Munich,37,5,3,2,435,132,3058,572,15271,2692,4543,756,1
R16,Male,Clay,Munich,Germany,Munich,37,5,3,2,435,132,3058,572,15271,2692,4543,756,1
R16,Male,Clay,Munich,Germany,Munich,37,5,3,2,435,132,3058,572,15271,2692,4543,756,1
R16,Male,Clay,Munich,Germany,Munich,37,5,3,2,435,132,3058,572,15271,2692,4543,756,1
R16,Male,Clay,Munich,Germany,Munich,37,5,3,2,435,132,3058,572,15271,2692,4543,756,1
R16,Male,Clay,Munich,Germany,Munich,37,5,3,2,435,132,3058,572,15271,2692,4543,756,1
R16,Male,Clay,Munich,Germany,Munich,37,5,3,2,435,132,3058,572,15271,2692,4543,756,1
R16,Male,Clay,Munich,Germany,Munich,37,5,3,2,435,132,3058,572,15271,2692,4543,756,1
R16,Male,Clay,Munich,Germany,Munich,37,5,3,2,435,132,3058,572,15271,2692,4543,756,1
R16,Male,Clay,Munich,Germany,Munich,37,5,3,2,435,132,3058,572,15271,2692,4543,756,1
R16,Male,Clay,Munich,Germany,Munich,37,5,3,2,435,132,3058,572,15271,2692,4543,756,1
R16,Male,Clay,Munich,Germany,Munich,37,5,3,2,435,132,3058,572,15271,2692,4543,756,1
R16,Male,Clay,Munich,Germany,Munich,37,5,3,2,435,132,3058,572,15271,2692,4543,756,1
R16,Male,Clay,Munich,Germany,Munich,37,5,3,2,435,132,3058,572,15271,2692,4543,756,1
R16,Male,Clay,Munich,Germany,Munich,37,5,3,2,435,132,3058,572,15271,2692,4543,756,1
R16,Male,Clay,Munich,Germany,Munich,37,5,3,2,435,132,3058,572,15271,2692,4543,756,1
R16,Male,Clay,Munich,Germany,Munich,37,5,3,2,435,132,3058,572,15271,2692,4543,756,1
R16,Male,Clay,Munich,Germany,Munich,37,5,3,2,435,132,3058,572,15271,2692,4543,756,1
R16,Male,Clay,Munich,Germany,Munich,37,5,3,2,435,132,3058,572,15271,2692,4543,756,1
R16,Male,Clay,Munich,Germany,Munich,37,5,3,2,435,132,3058,572,15271,2692,4543,756,1
R16,Male,Clay,Munich,Germany,Munich,37,5,3,2,435,132,3058,572,15271,2692,4543,756,1
R16,Male,Clay,Munich,Germany,Munich,37,5,3,2,435,132,3058,572,15271,2692,4543,756,1
R16,Male,Clay,Munich,Germany,Munich,37,5,3,2,435,132,3058,572,15271,2692,4543,756,1
R16,Male,Clay,Munich,Germany,Munich,37,5,3,2,435,132,3058,572,15271,2692,4543,756,1
R16,Male,Clay,Munich,Germany,Munich,37,5,3,2,435,132,3058,572,15271,2692,4543,756,1
R16,Male,Clay,Munich,Germany,Munich,37,5,3,2,435,132,3058,572,15271,2692,4543,756,1
R16,Male,Clay,Munich,Germany,Munich,37,5,3,2,435,132,3058,572,15271,2692,4543,756,1
R16,Male,Clay,Munich,Germany,Munich,37,5,3,2,435,132,3058,572,15271,2692,4543,756,1
R16,Male,Clay,Munich,Germany,Munich,37,5,3,2,435,132,3058,572,15271,2692,4543,756,1
R16,Male,Clay,Munich,Germany,Munich,37,5,3,2,435,132,3058,572,15271,2692,4543,756,1
R16,Male,Clay,Munich,Germany,Munich,37,5,3,2,435,132,3058,572,15271,2692,4543,756,1
R16,Male,Clay,Munich,Germany,Munich,37,5,3,2,435,132,3058,572,15271,2692,4543,756,1
R16,Male,Clay,Munich,Germany,Munich,37,5,3,2,435,132,3058,572,15271,2692,4543,756,1
R16,Male,Clay,Munich,Germany,Munich,37,5,3,2,435,132,3058,572,15271,2692,4543,756,1
R16,Male,Clay,Munich,Germany,Munich,37,5,3,2,435,132,3058,572,15271,2692,4543,756,1
R16,Male,Clay,Munich,Germany,Munich,37,5,3,2,435,132,3058,572,15271,2692,4543,756,1
R16,Male,Clay,Munich,Germany,Munich,37,5,3,2,435,132,3058,572,15271,2692,4543,756,1
R16,Male,Clay,Munich,Germany,Munich,37,5,3,2,435,132,3058,572,15271,2692,4543,756,1
R16,Male,Clay,Munich,Germany,Munich,37,5,3,2,435,132,3058,572,15271,2692,4543,756,1
R128,Male,Grass,"US Championships","United Kingdom",Newport,37,5,3,2,435,132,4512,899,15271,2692,5910,1290,1
R128,Male,Grass,"US Championships","United Kingdom",Newport,37,5,3,2,435,132,4512,899,15271,2692,5910,1290,1
R128,Male,Grass,"US Championships","United Kingdom",Newport,37,5,3,2,435,132,4512,899,15271,2692,5910,1290,1
R128,Male,Grass,"US Championships","United Kingdom",Newport,37,5,3,2,435,132,4512,899,15271,2692,5910,1290,1
R128,Male,Grass,"US Championships","United Kingdom",Newport,37,5,3,2,435,132,4512,899,15271,2692,5910,1290,1
R128,Male,Grass,"US Championships","United Kingdom",Newport,37,5,3,2,435,132,4512,899,15271,2692,5910,1290,1
R128,Male,Grass,"US Championships","United Kingdom",Newport,37,5,3,2,435,132,4512,899,15271,2692,5910,1290,1
R128,Male,Grass,"US Championships","United Kingdom",Newport,37,5,3,2,435,132,4512,899,15271,2692,5910,1290,1
R128,Male,Grass,"US Championships","United Kingdom",Newport,37,5,3,2,435,132,4512,899,15271,2692,5910,1290,1
R128,Male,Grass,"US Championships","United Kingdom",Newport,37,5,3,2,435,132,4512,899,15271,2692,5910,1290,1
R128,Male,Grass,"US Championships","United Kingdom",Newport,37,5,3,2,435,132,4512,899,15271,2692,5910,1290,1
R128,Male,Grass,"US Championships","United Kingdom",Newport,37,5,3,2,435,132,4512,899,15271,2692,5910,1290,1
R128,Male,Grass,"US Championships","United Kingdom",Newport,37,5,3,2,435,132,4512,899,15271,2692,5910,1290,1
R128,Male,Grass,"US Championships","United Kingdom",Newport,37,5,3,2,435,132,4512,899,15271,2692,5910,1290,1
R128,Male,Grass,"US Championships","United Kingdom",Newport,37,5,3,2,435,132,4512,899,15271,2692,5910,1290,1
R128,Male,Grass,"US Championships","United Kingdom",Newport,37,5,3,2,435,132,4512,899,15271,2692,5910,1290,1
R128,Male,Grass,"US Championships","United Kingdom",Newport,37,5,3,2,435,132,4512,899,15271,2692,5910,1290,1
R128,Male,Grass,"US Championships","United Kingdom",Newport,37,5,3,2,435,132,4512,899,15271,2692,5910,1290,1
R128,Male,Grass,"US Championships","United Kingdom",Newport,37,5,3,2,435,132,4512,899,15271,2692,5910,1290,1
R128,Male,Grass,"US Championships","United Kingdom",Newport,37,5,3,2,435,132,4512,899,15271,2692,5910,1290,1
R128,Male,Grass,"US Championships","United Kingdom",Newport,37,5,3,2,435,132,4512,899,15271,2692,5910,1290,1
R128,Male,Grass,"US Championships","United Kingdom",Newport,37,5,3,2,435,132,4512,899,15271,2692,5910,1290,1
R128,Male,Grass,"US Championships","United Kingdom",Newport,37,5,3,2,435,132,4512,899,15271,2692,5910,1290,1
R128,Male,Grass,"US Championships","United Kingdom",Newport,37,5,3,2,435,132,4512,899,15271,2692,5910,1290,1
R128,Male,Grass,"US Championships","United Kingdom",Newport,37,5,3,2,435,132,4512,899,15271,2692,5910,1290,1
R128,Male,Grass,"US Championships","United Kingdom",Newport,37,5,3,2,435,132,4512,899,15271,2692,5910,1290,1
R128,Male,Grass,"US Championships","United Kingdom",Newport,37,5,3,2,435,132,4512,899,15271,2692,5910,1290,1
R128,Male,Grass,"US Championships","United Kingdom",Newport,37,5,3,2,435,132,4512,899,15271,2692,5910,1290,1
R128,Male,Grass,"US Championships","United Kingdom",Newport,37,5,3,2,435,132,4512,899,15271,2692,5910,1290,1
R128,Male,Grass,"US Championships","United Kingdom",Newport,37,5,3,2,435,132,4512,899,15271,2692,5910,1290,1
R128,Male,Grass,"US Championships","United Kingdom",Newport,37,5,3,2,435,132,4512,899,15271,2692,5910,1290,1
R128,Male,Grass,"US Championships","United Kingdom",Newport,37,5,3,2,435,132,4512,899,15271,2692,5910,1290,1
R128,Male,Grass,"US Championships",NULL,"Newport, Rhode Island, United States",37,5,3,2,435,132,4512,899,15271,2692,5910,1290,1
R128,Male,Grass,"US Championships",NULL,"Newport, Rhode Island, United States",37,5,3,2,435,132,4512,899,15271,2692,5910,1290,1
R128,Male,Grass,"US Championships","United States","New York",37,5,3,2,435,132,4512,899,15271,2692,5910,1290,1
R128,Male,Grass,"US Championships","United States","New York",37,5,3,2,435,132,4512,899,15271,2692,5910,1290,1
R128,Male,Grass,"US Championships","United States","New York",37,5,3,2,435,132,4512,899,15271,2692,5910,1290,1
R128,Male,Grass,"US Championships","United States","New York",37,5,3,2,435,132,4512,899,15271,2692,5910,1290,1
R128,Male,Grass,"US Championships","United States","New York",37,5,3,2,435,132,4512,899,15271,2692,5910,1290,1
R128,Male,Grass,"US Championships","United States","New York",37,5,3,2,435,132,4512,899,15271,2692,5910,1290,1
R128,Male,Grass,"US Championships",NULL,"Philadelphia, PA, United States",37,5,3,2,435,132,4512,899,15271,2692,5910,1290,1
R128,Male,Grass,"US Championships",NULL,"Philadelphia, PA, United States",37,5,3,2,435,132,4512,899,15271,2692,5910,1290,1
R128,Male,Grass,"US Championships",NULL,"Philadelphia, PA, United States",37,5,3,2,435,132,4512,899,15271,2692,5910,1290,1
R128,Male,Grass,"US Championships","United States","New York",37,5,3,2,435,132,4512,899,15271,2692,5910,1290,1
R128,Male,Grass,"US Championships","United States","New York",37,5,3,2,435,132,4512,899,15271,2692,5910,1290,1
R128,Male,Grass,"US Championships","United States","New York",37,5,3,2,435,132,4512,899,15271,2692,5910,1290,1
R128,Male,Grass,"US Championships","United States","New York",37,5,3,2,435,132,4512,899,15271,2692,5910,1290,1
R128,Male,Grass,"US Championships","United States","New York",37,5,3,2,435,132,4512,899,15271,2692,5910,1290,1
R128,Male,Grass,"US Championships","United States","New York",37,5,3,2,435,132,4512,899,15271,2692,5910,1290,1
R128,Male,Grass,"US Championships","United States","New York",37,5,3,2,435,132,4512,899,15271,2692,5910,1290,1
R128,Male,Grass,"US Championships","United States","New York",37,5,3,2,435,132,4512,899,15271,2692,5910,1290,1
R128,Male,Grass,"US Championships","United States","New York",37,5,3,2,435,132,4512,899,15271,2692,5910,1290,1
R128,Male,Grass,"US Championships","United States","New York",37,5,3,2,435,132,4512,899,15271,2692,5910,1290,1
R128,Male,Grass,"US Championships","United States","New York",37,5,3,2,435,132,4512,899,15271,2692,5910,1290,1
R128,Male,Grass,"US Championships","United States","New York",37,5,3,2,435,132,4512,899,15271,2692,5910,1290,1
R128,Male,Grass,"US Championships","United States","New York",37,5,3,2,435,132,4512,899,15271,2692,5910,1290,1
R128,Male,Grass,"US Championships","United States","New York",37,5,3,2,435,132,4512,899,15271,2692,5910,1290,1
R128,Male,Grass,"US Championships","United States","New York",37,5,3,2,435,132,4512,899,15271,2692,5910,1290,1
R128,Male,Grass,"US Championships","United States","New York",37,5,3,2,435,132,4512,899,15271,2692,5910,1290,1
R128,Male,Grass,"US Championships","United States","New York",37,5,3,2,435,132,4512,899,15271,2692,5910,1290,1
R128,Male,Grass,"US Championships","United States","New York",37,5,3,2,435,132,4512,899,15271,2692,5910,1290,1
R128,Male,Grass,"US Championships","United States","New York",37,5,3,2,435,132,4512,899,15271,2692,5910,1290,1
R128,Male,Grass,"US Championships","United States","New York",37,5,3,2,435,132,4512,899,15271,2692,5910,1290,1
R128,Male,Grass,"US Championships","United States","New York",37,5,3,2,435,132,4512,899,15271,2692,5910,1290,1
R128,Male,Grass,"US Championships","United States","New York",37,5,3,2,435,132,4512,899,15271,2692,5910,1290,1
R128,Male,Grass,"US Championships","United States","New York",37,5,3,2,435,132,4512,899,15271,2692,5910,1290,1
R128,Male,Grass,"US Championships","United States","New York",37,5,3,2,435,132,4512,899,15271,2692,5910,1290,1
R128,Male,Grass,"US Championships","United States","New York",37,5,3,2,435,132,4512,899,15271,2692,5910,1290,1
R128,Male,Grass,"US Championships","United States","New York",37,5,3,2,435,132,4512,899,15271,2692,5910,1290,1
R128,Male,Grass,"US Championships","United States","New York",37,5,3,2,435,132,4512,899,15271,2692,5910,1290,1
R128,Male,Grass,"US Championships","United States","New York",37,5,3,2,435,132,4512,899,15271,2692,5910,1290,1
R128,Male,Grass,"US Championships","United States","New York",37,5,3,2,435,132,4512,899,15271,2692,5910,1290,1
R128,Male,Grass,"US Championships","United States","New York",37,5,3,2,435,132,4512,899,15271,2692,5910,1290,1
R128,Male,Grass,"US Championships","United States","New York",37,5,3,2,435,132,4512,899,15271,2692,5910,1290,1
R128,Male,Grass,"US Championships","United States","New York",37,5,3,2,435,132,4512,899,15271,2692,5910,1290,1
R128,Male,Grass,"US Championships","United States","New York",37,5,3,2,435,132,4512,899,15271,2692,5910,1290,1
R128,Male,Grass,"US Championships","United States","New York",37,5,3,2,435,132,4512,899,15271,2692,5910,1290,1
R128,Male,Grass,"US Championships","United States","New York",37,5,3,2,435,132,4512,899,15271,2692,5910,1290,1
R128,Male,Grass,"US Championships","United States","New York",37,5,3,2,435,132,4512,899,15271,2692,5910,1290,1
R128,Male,Grass,"US Championships","United States","New York",37,5,3,2,435,132,4512,899,15271,2692,5910,1290,1
R128,Male,Grass,"US Championships","United States","New York",37,5,3,2,435,132,4512,899,15271,2692,5910,1290,1
R128,Male,Grass,"US Championships","United States","New York",37,5,3,2,435,132,4512,899,15271,2692,5910,1290,1
R128,Male,Grass,"US Championships","United States","New York",37,5,3,2,435,132,4512,899,15271,2692,5910,1290,1
R128,Male,Grass,"US Championships","United States","New York",37,5,3,2,435,132,4512,899,15271,2692,5910,1290,1
R128,Male,Grass,"US Championships","United States","New York",37,5,3,2,435,132,4512,899,15271,2692,5910,1290,1
R128,Male,Grass,"US Championships","United States","New York",37,5,3,2,435,132,4512,899,15271,2692,5910,1290,1
R128,Male,Grass,"US Championships","United States","New York",37,5,3,2,435,132,4512,899,15271,2692,5910,1290,1
R128,Male,Grass,"US Open","United States","New York",37,5,3,2,435,132,4512,899,15271,2692,5910,1290,1
R128,Male,Grass,"US Open","United States","New York",37,5,3,2,435,132,4512,899,15271,2692,5910,1290,1
R128,Male,Grass,"US Open","United States","New York",37,5,3,2,435,132,4512,899,15271,2692,5910,1290,1
R128,Male,Grass,"US Open","United States","New York",37,5,3,2,435,132,4512,899,15271,2692,5910,1290,1
R128,Male,Grass,"US Open","United States","New York",37,5,3,2,435,132,4512,899,15271,2692,5910,1290,1
R128,Male,Grass,"US Open","United States","New York",37,5,3,2,435,132,4512,899,15271,2692,5910,1290,1
R128,Male,Grass,"US Open","United States","New York",37,5,3,2,435,132,4512,899,15271,2692,5910,1290,1
R128,Male,Hard,"US Open","United States","New York",37,5,3,2,435,132,3055,521,15271,2692,4188,579,1
R128,Male,Clay,"US Open","United States","New York",37,5,3,2,435,132,3058,572,15271,2692,4543,756,1
R128,Male,Clay,"US Open","United States","New York",37,5,3,2,435,132,3058,572,15271,2692,4543,756,1
R128,Male,Hard,"US Open","United States","New York",37,5,3,2,435,132,3055,521,15271,2692,4188,579,1
R128,Male,Hard,"US Open","United States","New York",37,5,3,2,435,132,3055,521,15271,2692,4188,579,1
R128,Male,Hard,"US Open","United States","New York",37,5,3,2,435,132,3055,521,15271,2692,4188,579,1
R128,Male,Hard,"US Open","United States","New York",37,5,3,2,435,132,3055,521,15271,2692,4188,579,1
R128,Male,Hard,"US Open","United States","New York",37,5,3,2,435,132,3055,521,15271,2692,4188,579,1
R128,Male,Hard,"US Open","United States","New York",37,5,3,2,435,132,3055,521,15271,2692,4188,579,1
R128,Male,Hard,"US Open","United States","New York",37,5,3,2,435,132,3055,521,15271,2692,4188,579,1
R128,Male,Hard,"US Open","United States","New York",37,5,3,2,435,132,3055,521,15271,2692,4188,579,1
R128,Male,Hard,"US Open","United States","New York",37,5,3,2,435,132,3055,521,15271,2692,4188,579,1
R128,Male,Hard,"US Open","United States","New York",37,5,3,2,435,132,3055,521,15271,2692,4188,579,1
R128,Male,Hard,"US Open","United States","New York",37,5,3,2,435,132,3055,521,15271,2692,4188,579,1
R128,Male,Hard,"US Open","United States","New York",37,5,3,2,435,132,3055,521,15271,2692,4188,579,1
R128,Male,Hard,"US Open","United States","New York",37,5,3,2,435,132,3055,521,15271,2692,4188,579,1
R128,Male,Hard,"US Open","United States","New York",37,5,3,2,435,132,3055,521,15271,2692,4188,579,1
R128,Male,Hard,"US Open","United States","New York",37,5,3,2,435,132,3055,521,15271,2692,4188,579,1
R128,Male,Hard,"US Open","United States","New York",37,5,3,2,435,132,3055,521,15271,2692,4188,579,1
R128,Male,Hard,"US Open","United States","New York",37,5,3,2,435,132,3055,521,15271,2692,4188,579,1
R128,Male,Hard,"US Open","United States","New York",37,5,3,2,435,132,3055,521,15271,2692,4188,579,1
R128,Male,Hard,"US Open","United States","New York",37,5,3,2,435,132,3055,521,15271,2692,4188,579,1
R128,Male,Hard,"US Open","United States","New York",37,5,3,2,435,132,3055,521,15271,2692,4188,579,1
R128,Male,Hard,"US Open","United States","New York",37,5,3,2,435,132,3055,521,15271,2692,4188,579,1
R128,Male,Hard,"US Open","United States","New York",37,5,3,2,435,132,3055,521,15271,2692,4188,579,1
R128,Male,Hard,"US Open","United States","New York",37,5,3,2,435,132,3055,521,15271,2692,4188,579,1
R128,Male,Hard,"US Open","United States","New York",37,5,3,2,435,132,3055,521,15271,2692,4188,579,1
R128,Male,Hard,"US Open","United States","New York",37,5,3,2,435,132,3055,521,15271,2692,4188,579,1
R128,Male,Hard,"US Open","United States","New York",37,5,3,2,435,132,3055,521,15271,2692,4188,579,1
R128,Male,Hard,"US Open","United States","New York",37,5,3,2,435,132,3055,521,15271,2692,4188,579,1
R128,Male,Hard,"US Open","United States","New York",37,5,3,2,435,132,3055,521,15271,2692,4188,579,1
R128,Male,Hard,"US Open","United States","New York",37,5,3,2,435,132,3055,521,15271,2692,4188,579,1
R128,Male,Hard,"US Open","United States","New York",37,5,3,2,435,132,3055,521,15271,2692,4188,579,1
R128,Male,Hard,"US Open","United States","New York",37,5,3,2,435,132,3055,521,15271,2692,4188,579,1
R128,Male,Hard,"US Open","United States","New York",37,5,3,2,435,132,3055,521,15271,2692,4188,579,1
R128,Male,Hard,"US Open","United States","New York",37,5,3,2,435,132,3055,521,15271,2692,4188,579,1
R128,Male,Hard,"US Open","United States","New York",37,5,3,2,435,132,3055,521,15271,2692,4188,579,1
R128,Male,Hard,"US Open","United States","New York",37,5,3,2,435,132,3055,521,15271,2692,4188,579,1
R128,Male,Hard,"US Open","United States","New York",37,5,3,2,435,132,3055,521,15271,2692,4188,579,1
R128,Male,Hard,"US Open",NULL,"New York City",37,5,3,2,435,132,3055,521,15271,2692,4188,579,1
R128,Male,Hard,"US Open","United States","New York",37,5,3,2,435,132,3055,521,15271,2692,4188,579,1
R128,Male,Hard,"US Open","United States","New York",37,5,3,2,435,132,3055,521,15271,2692,4188,579,1
R128,Male,Hard,"US Open","United States","New York",37,5,3,2,435,132,3055,521,15271,2692,4188,579,1
R32,Male,Hard,Metz,France,Metz,28,5,2,1,438,132,2732,521,17793,2692,3690,579,1
R32,Male,Hard,Metz,France,Metz,28,5,2,1,438,132,2732,521,17793,2692,3690,579,1
R32,Male,Hard,Metz,France,Metz,28,5,2,1,438,132,2732,521,17793,2692,3690,579,1
R32,Male,Hard,Metz,France,Metz,28,5,2,1,438,132,2732,521,17793,2692,3690,579,1
R32,Male,Hard,Metz,France,Metz,28,5,2,1,438,132,2732,521,17793,2692,3690,579,1
R32,Male,Hard,Metz,France,Metz,28,5,2,1,438,132,2732,521,17793,2692,3690,579,1
R32,Male,Hard,Metz,France,Metz,28,5,2,1,438,132,2732,521,17793,2692,3690,579,1
R32,Male,Hard,Metz,France,Metz,28,5,2,1,438,132,2732,521,17793,2692,3690,579,1
R32,Male,Hard,Metz,France,Metz,28,5,2,1,438,132,2732,521,17793,2692,3690,579,1
R32,Male,Hard,Metz,France,Metz,28,5,2,1,438,132,2732,521,17793,2692,3690,579,1
R32,Male,Hard,Metz,France,Metz,28,5,2,1,438,132,2732,521,17793,2692,3690,579,1
R32,Male,Hard,Metz,France,Metz,28,5,2,1,438,132,2732,521,17793,2692,3690,579,1
R32,Male,Hard,Metz,France,Metz,28,5,2,1,438,132,2732,521,17793,2692,3690,579,1
R32,Male,Hard,Metz,France,Metz,28,5,2,1,438,132,2732,521,17793,2692,3690,579,1
R32,Male,Hard,"Moselle Open",France,Metz,28,5,2,1,438,132,2732,521,17793,2692,3690,579,1
R16,Male,Clay,Barcelona,Spain,Barcelona,63,5,1,3,369,132,486,572,1651,2692,313,756,1
R16,Male,Clay,Barcelona,Spain,Barcelona,63,5,1,3,369,132,486,572,1651,2692,313,756,1
R16,Male,Clay,Barcelona,Spain,Barcelona,63,5,1,3,369,132,486,572,1651,2692,313,756,1
R16,Male,Clay,Barcelona,Spain,Barcelona,63,5,1,3,369,132,486,572,1651,2692,313,756,1
R16,Male,Hard,Barcelona,Spain,Barcelona,63,5,1,3,369,132,868,521,1651,2692,536,579,1
R16,Male,Clay,Barcelona,Spain,Barcelona,63,5,1,3,369,132,486,572,1651,2692,313,756,1
R16,Male,Clay,Barcelona,Spain,Barcelona,63,5,1,3,369,132,486,572,1651,2692,313,756,1
R16,Male,Clay,Barcelona,Spain,Barcelona,63,5,1,3,369,132,486,572,1651,2692,313,756,1
R16,Male,Clay,Barcelona,Spain,Barcelona,63,5,1,3,369,132,486,572,1651,2692,313,756,1
R16,Male,Clay,Barcelona,Spain,Barcelona,63,5,1,3,369,132,486,572,1651,2692,313,756,1
R16,Male,Clay,Barcelona,Spain,Barcelona,63,5,1,3,369,132,486,572,1651,2692,313,756,1
R16,Male,Clay,Barcelona,Spain,Barcelona,63,5,1,3,369,132,486,572,1651,2692,313,756,1
R16,Male,Clay,Barcelona,Spain,Barcelona,63,5,1,3,369,132,486,572,1651,2692,313,756,1
R16,Male,Clay,Barcelona,Spain,Barcelona,63,5,1,3,369,132,486,572,1651,2692,313,756,1
R16,Male,Clay,Barcelona,Spain,Barcelona,63,5,1,3,369,132,486,572,1651,2692,313,756,1
R16,Male,Clay,Barcelona,Spain,Barcelona,63,5,1,3,369,132,486,572,1651,2692,313,756,1
R16,Male,Clay,Barcelona,Spain,Barcelona,63,5,1,3,369,132,486,572,1651,2692,313,756,1
R16,Male,Clay,Barcelona,Spain,Barcelona,63,5,1,3,369,132,486,572,1651,2692,313,756,1
R16,Male,Clay,Barcelona,Spain,Barcelona,63,5,1,3,369,132,486,572,1651,2692,313,756,1
R16,Male,Clay,Barcelona,Spain,Barcelona,63,5,1,3,369,132,486,572,1651,2692,313,756,1
R16,Male,Clay,Barcelona,Spain,Barcelona,63,5,1,3,369,132,486,572,1651,2692,313,756,1
R16,Male,Clay,Barcelona,Spain,Barcelona,63,5,1,3,369,132,486,572,1651,2692,313,756,1
R16,Male,Clay,Barcelona,Spain,Barcelona,63,5,1,3,369,132,486,572,1651,2692,313,756,1
R16,Male,Clay,Barcelona,Spain,Barcelona,63,5,1,3,369,132,486,572,1651,2692,313,756,1
R16,Male,Clay,Barcelona,Spain,Barcelona,63,5,1,3,369,132,486,572,1651,2692,313,756,1
R16,Male,Clay,Barcelona,Spain,Barcelona,63,5,1,3,369,132,486,572,1651,2692,313,756,1
R16,Male,Clay,Barcelona,Spain,Barcelona,63,5,1,3,369,132,486,572,1651,2692,313,756,1
R16,Male,Clay,Barcelona,Spain,Barcelona,63,5,1,3,369,132,486,572,1651,2692,313,756,1
R16,Male,Clay,Barcelona,Spain,Barcelona,63,5,1,3,369,132,486,572,1651,2692,313,756,1
R16,Male,Clay,Barcelona,Spain,Barcelona,63,5,1,3,369,132,486,572,1651,2692,313,756,1
R16,Male,Clay,Barcelona,Spain,Barcelona,63,5,1,3,369,132,486,572,1651,2692,313,756,1
R16,Male,Clay,Barcelona,Spain,Barcelona,63,5,1,3,369,132,486,572,1651,2692,313,756,1
R16,Male,Clay,Barcelona,Spain,Barcelona,63,5,1,3,369,132,486,572,1651,2692,313,756,1
R16,Male,Clay,Barcelona,Spain,Barcelona,63,5,1,3,369,132,486,572,1651,2692,313,756,1
R16,Male,Clay,Barcelona,Spain,Barcelona,63,5,1,3,369,132,486,572,1651,2692,313,756,1
R16,Male,Clay,Barcelona,Spain,Barcelona,63,5,1,3,369,132,486,572,1651,2692,313,756,1
R16,Male,Clay,Barcelona,Spain,Barcelona,63,5,1,3,369,132,486,572,1651,2692,313,756,1
R16,Male,Clay,Barcelona,Spain,Barcelona,63,5,1,3,369,132,486,572,1651,2692,313,756,1
R16,Male,Clay,Barcelona,Spain,Barcelona,63,5,1,3,369,132,486,572,1651,2692,313,756,1
R16,Male,Clay,Barcelona,Spain,Barcelona,63,5,1,3,369,132,486,572,1651,2692,313,756,1
R16,Male,Clay,Barcelona,Spain,Barcelona,63,5,1,3,369,132,486,572,1651,2692,313,756,1
R16,Male,Clay,Barcelona,Spain,Barcelona,63,5,1,3,369,132,486,572,1651,2692,313,756,1
R16,Male,Clay,Barcelona,Spain,Barcelona,63,5,1,3,369,132,486,572,1651,2692,313,756,1
R16,Male,Clay,Barcelona,Spain,Barcelona,63,5,1,3,369,132,486,572,1651,2692,313,756,1
R16,Male,Clay,Barcelona,Spain,Barcelona,63,5,1,3,369,132,486,572,1651,2692,313,756,1
R16,Male,Clay,Barcelona,Spain,Barcelona,63,5,1,3,369,132,486,572,1651,2692,313,756,1
R16,Male,Clay,"Barcelona Open Banc Sabadell",Spain,Barcelona,63,5,1,3,369,132,486,572,1651,2692,313,756,1
R16,Male,Clay,"Barcelona WCT",Spain,Barcelona,63,5,1,3,369,132,486,572,1651,2692,313,756,1
R16,Male,Grass,"Aegon International",NULL,Eastbourne,92,5,1,1,324,132,4102,899,12386,2692,5959,1290,1
R16,Male,Grass,Eastbourne,NULL,Eastbourne,92,5,1,1,324,132,4102,899,12386,2692,5959,1290,1
R16,Male,Grass,Eastbourne,NULL,Eastbourne,92,5,1,1,324,132,4102,899,12386,2692,5959,1290,1
R16,Male,Grass,Eastbourne,NULL,Eastbourne,92,5,1,1,324,132,4102,899,12386,2692,5959,1290,1
R16,Male,Grass,Eastbourne,NULL,Eastbourne,92,5,1,1,324,132,4102,899,12386,2692,5959,1290,1
R16,Male,Grass,Eastbourne,NULL,Eastbourne,92,5,1,1,324,132,4102,899,12386,2692,5959,1290,1
R16,Male,Grass,Eastbourne,NULL,Eastbourne,92,5,1,1,324,132,4102,899,12386,2692,5959,1290,1
R16,Male,Grass,Nottingham,"United Kingdom",Nottingham,92,5,1,1,324,132,4102,899,12386,2692,5959,1290,1
R16,Male,Grass,Nottingham,"United Kingdom",Nottingham,92,5,1,1,324,132,4102,899,12386,2692,5959,1290,1
R16,Male,Grass,Nottingham,"United Kingdom",Nottingham,92,5,1,1,324,132,4102,899,12386,2692,5959,1290,1
R16,Male,Grass,Nottingham,"United Kingdom",Nottingham,92,5,1,1,324,132,4102,899,12386,2692,5959,1290,1
R16,Male,Grass,Nottingham,"United Kingdom",Nottingham,92,5,1,1,324,132,4102,899,12386,2692,5959,1290,1
R16,Male,Grass,Nottingham,"United Kingdom",Nottingham,92,5,1,1,324,132,4102,899,12386,2692,5959,1290,1
R16,Male,Grass,Nottingham,"United Kingdom",Nottingham,92,5,1,1,324,132,4102,899,12386,2692,5959,1290,1
R16,Male,Grass,Nottingham,"United Kingdom",Nottingham,92,5,1,1,324,132,4102,899,12386,2692,5959,1290,1
R16,Male,Grass,Nottingham,"United Kingdom",Nottingham,92,5,1,1,324,132,4102,899,12386,2692,5959,1290,1
R16,Male,Grass,Nottingham,"United Kingdom",Nottingham,92,5,1,1,324,132,4102,899,12386,2692,5959,1290,1
R16,Male,Grass,Nottingham,"United Kingdom",Nottingham,92,5,1,1,324,132,4102,899,12386,2692,5959,1290,1
R16,Male,Grass,Nottingham,"United Kingdom",Nottingham,92,5,1,1,324,132,4102,899,12386,2692,5959,1290,1
R16,Male,Grass,Nottingham,"United Kingdom",Nottingham,92,5,1,1,324,132,4102,899,12386,2692,5959,1290,1
R16,Male,Grass,Nottingham,"United Kingdom",Nottingham,92,5,1,1,324,132,4102,899,12386,2692,5959,1290,1
R16,Male,Grass,Nottingham,"United Kingdom",Nottingham,92,5,1,1,324,132,4102,899,12386,2692,5959,1290,1
R16,Male,Grass,Nottingham,"United Kingdom",Nottingham,92,5,1,1,324,132,4102,899,12386,2692,5959,1290,1
R32,Male,Grass,"Mercedes Cup",Germany,Stuttgart,177,5,3,1,394,132,1843,899,3544,2692,1097,1290,1
R32,Male,Clay,Stuttgart,Germany,Stuttgart,177,5,3,1,394,132,1334,572,3544,2692,1428,756,1
R32,Male,Clay,Stuttgart,Germany,Stuttgart,177,5,3,1,394,132,1334,572,3544,2692,1428,756,1
R32,Male,Clay,Stuttgart,Germany,Stuttgart,177,5,3,1,394,132,1334,572,3544,2692,1428,756,1
R32,Male,Clay,Stuttgart,Germany,Stuttgart,177,5,3,1,394,132,1334,572,3544,2692,1428,756,1
R32,Male,Clay,Stuttgart,Germany,Stuttgart,177,5,3,1,394,132,1334,572,3544,2692,1428,756,1
R32,Male,Clay,Stuttgart,Germany,Stuttgart,177,5,3,1,394,132,1334,572,3544,2692,1428,756,1
R32,Male,Clay,Stuttgart,Germany,Stuttgart,177,5,3,1,394,132,1334,572,3544,2692,1428,756,1
R32,Male,Clay,Stuttgart,Germany,Stuttgart,177,5,3,1,394,132,1334,572,3544,2692,1428,756,1
R32,Male,Clay,Stuttgart,Germany,Stuttgart,177,5,3,1,394,132,1334,572,3544,2692,1428,756,1
R32,Male,Clay,Stuttgart,Germany,Stuttgart,177,5,3,1,394,132,1334,572,3544,2692,1428,756,1
R32,Male,Clay,Stuttgart,Germany,Stuttgart,177,5,3,1,394,132,1334,572,3544,2692,1428,756,1
R32,Male,Clay,Stuttgart,Germany,Stuttgart,177,5,3,1,394,132,1334,572,3544,2692,1428,756,1
R32,Male,Clay,Stuttgart,Germany,Stuttgart,177,5,3,1,394,132,1334,572,3544,2692,1428,756,1
R32,Male,Clay,Stuttgart,Germany,Stuttgart,177,5,3,1,394,132,1334,572,3544,2692,1428,756,1
R32,Male,Grass,Stuttgart,Germany,Stuttgart,177,5,3,1,394,132,1843,899,3544,2692,1097,1290,1
R32,Male,Grass,Stuttgart,Germany,Stuttgart,177,5,3,1,394,132,1843,899,3544,2692,1097,1290,1
R32,Male,Clay,"Stuttgart Outdoor",Germany,Stuttgart,177,5,3,1,394,132,1334,572,3544,2692,1428,756,1
R32,Male,Clay,"Stuttgart Outdoor",Germany,Stuttgart,177,5,3,1,394,132,1334,572,3544,2692,1428,756,1
R32,Male,Clay,"Stuttgart Outdoor",Germany,Stuttgart,177,5,3,1,394,132,1334,572,3544,2692,1428,756,1
R32,Male,Clay,"Stuttgart Outdoor",Germany,Stuttgart,177,5,3,1,394,132,1334,572,3544,2692,1428,756,1
R32,Male,Clay,"Stuttgart Outdoor",Germany,Stuttgart,177,5,3,1,394,132,1334,572,3544,2692,1428,756,1
R32,Male,Clay,"Stuttgart Outdoor",Germany,Stuttgart,177,5,3,1,394,132,1334,572,3544,2692,1428,756,1
R32,Male,Clay,"Stuttgart Outdoor",Germany,Stuttgart,177,5,3,1,394,132,1334,572,3544,2692,1428,756,1
R32,Male,Clay,"Stuttgart Outdoor",Germany,Stuttgart,177,5,3,1,394,132,1334,572,3544,2692,1428,756,1
R32,Male,Clay,"Stuttgart Outdoor",Germany,Stuttgart,177,5,3,1,394,132,1334,572,3544,2692,1428,756,1
R32,Male,Clay,"Stuttgart Outdoor",Germany,Stuttgart,177,5,3,1,394,132,1334,572,3544,2692,1428,756,1
R32,Male,Clay,"Stuttgart Outdoor",Germany,Stuttgart,177,5,3,1,394,132,1334,572,3544,2692,1428,756,1
R32,Male,Clay,"Stuttgart Outdoor",Germany,Stuttgart,177,5,3,1,394,132,1334,572,3544,2692,1428,756,1
R32,Male,Clay,"Stuttgart Outdoor",Germany,Stuttgart,177,5,3,1,394,132,1334,572,3544,2692,1428,756,1
R32,Male,Clay,"Stuttgart Outdoor",Germany,Stuttgart,177,5,3,1,394,132,1334,572,3544,2692,1428,756,1
R32,Male,Clay,"Stuttgart Outdoor",Germany,Stuttgart,177,5,3,1,394,132,1334,572,3544,2692,1428,756,1
R32,Male,Clay,"Stuttgart Outdoor",Germany,Stuttgart,177,5,3,1,394,132,1334,572,3544,2692,1428,756,1
R32,Male,Clay,"Stuttgart Outdoor",Germany,Stuttgart,177,5,3,1,394,132,1334,572,3544,2692,1428,756,1
R32,Male,Clay,"Stuttgart Outdoor",Germany,Stuttgart,177,5,3,1,394,132,1334,572,3544,2692,1428,756,1
R32,Male,Clay,"Stuttgart Outdoor",Germany,Stuttgart,177,5,3,1,394,132,1334,572,3544,2692,1428,756,1
R32,Male,Clay,"Stuttgart Outdoor",Germany,Stuttgart,177,5,3,1,394,132,1334,572,3544,2692,1428,756,1
R32,Male,Clay,"Stuttgart Outdoor",Germany,Stuttgart,177,5,3,1,394,132,1334,572,3544,2692,1428,756,1
R32,Male,Clay,"Stuttgart Outdoor",Germany,Stuttgart,177,5,3,1,394,132,1334,572,3544,2692,1428,756,1
R32,Male,Clay,"Stuttgart Outdoor",Germany,Stuttgart,177,5,3,1,394,132,1334,572,3544,2692,1428,756,1
R16,Male,Carpet,"ATP Masters Series Stockholm",Sweden,Stockholm,72,5,4,2,372,132,357,72,22011,2692,565,67,1
R16,Male,Carpet,"ATP Masters Series Stockholm",Sweden,Stockholm,72,5,4,2,372,132,357,72,22011,2692,565,67,1
R16,Male,Carpet,"ATP Masters Series Stockholm",Sweden,Stockholm,72,5,4,2,372,132,357,72,22011,2692,565,67,1
R16,Male,Carpet,"ATP Masters Series Stockholm",Sweden,Stockholm,72,5,4,2,372,132,357,72,22011,2692,565,67,1
R16,Male,Carpet,"ATP Masters Series Stockholm",Sweden,Stockholm,72,5,4,2,372,132,357,72,22011,2692,565,67,1
R16,Male,Hard,"Intrum Stockholm Open",Sweden,Stockholm,72,5,4,2,372,132,2839,521,22011,2692,5962,579,1
R16,Male,Hard,Stockholm,Sweden,Stockholm,72,5,4,2,372,132,2839,521,22011,2692,5962,579,1
R16,Male,Hard,Stockholm,Sweden,Stockholm,72,5,4,2,372,132,2839,521,22011,2692,5962,579,1
R16,Male,Hard,Stockholm,Sweden,Stockholm,72,5,4,2,372,132,2839,521,22011,2692,5962,579,1
R16,Male,Clay,Stockholm,Sweden,Stockholm,72,5,4,2,372,132,1962,572,22011,2692,3420,756,1
R16,Male,Hard,Stockholm,Sweden,Stockholm,72,5,4,2,372,132,2839,521,22011,2692,5962,579,1
R16,Male,Hard,Stockholm,Sweden,Stockholm,72,5,4,2,372,132,2839,521,22011,2692,5962,579,1
R16,Male,Hard,Stockholm,Sweden,Stockholm,72,5,4,2,372,132,2839,521,22011,2692,5962,579,1
R16,Male,Hard,Stockholm,Sweden,Stockholm,72,5,4,2,372,132,2839,521,22011,2692,5962,579,1
R16,Male,Carpet,Stockholm,Sweden,Stockholm,72,5,4,2,372,132,357,72,22011,2692,565,67,1
R16,Male,Hard,Stockholm,Sweden,Stockholm,72,5,4,2,372,132,2839,521,22011,2692,5962,579,1
R16,Male,Hard,Stockholm,Sweden,Stockholm,72,5,4,2,372,132,2839,521,22011,2692,5962,579,1
R16,Male,Hard,Stockholm,Sweden,Stockholm,72,5,4,2,372,132,2839,521,22011,2692,5962,579,1
R16,Male,Hard,Stockholm,Sweden,Stockholm,72,5,4,2,372,132,2839,521,22011,2692,5962,579,1
R16,Male,Hard,Stockholm,Sweden,Stockholm,72,5,4,2,372,132,2839,521,22011,2692,5962,579,1
R16,Male,Hard,Stockholm,Sweden,Stockholm,72,5,4,2,372,132,2839,521,22011,2692,5962,579,1
R16,Male,Hard,Stockholm,Sweden,Stockholm,72,5,4,2,372,132,2839,521,22011,2692,5962,579,1
R16,Male,Hard,Stockholm,Sweden,Stockholm,72,5,4,2,372,132,2839,521,22011,2692,5962,579,1
R16,Male,Carpet,Stockholm,Sweden,Stockholm,72,5,4,2,372,132,357,72,22011,2692,565,67,1
R16,Male,Hard,Stockholm,Sweden,Stockholm,72,5,4,2,372,132,2839,521,22011,2692,5962,579,1
R16,Male,Hard,Stockholm,Sweden,Stockholm,72,5,4,2,372,132,2839,521,22011,2692,5962,579,1
R16,Male,Hard,Stockholm,Sweden,Stockholm,72,5,4,2,372,132,2839,521,22011,2692,5962,579,1
R16,Male,Hard,Stockholm,Sweden,Stockholm,72,5,4,2,372,132,2839,521,22011,2692,5962,579,1
R16,Male,Hard,Stockholm,Sweden,Stockholm,72,5,4,2,372,132,2839,521,22011,2692,5962,579,1
R16,Male,Hard,Stockholm,Sweden,Stockholm,72,5,4,2,372,132,2839,521,22011,2692,5962,579,1
R16,Male,Hard,Stockholm,Sweden,Stockholm,72,5,4,2,372,132,2839,521,22011,2692,5962,579,1
R16,Male,Hard,Stockholm,Sweden,Stockholm,72,5,4,2,372,132,2839,521,22011,2692,5962,579,1
R16,Male,Hard,Stockholm,Sweden,Stockholm,72,5,4,2,372,132,2839,521,22011,2692,5962,579,1
R16,Male,Hard,Stockholm,Sweden,Stockholm,72,5,4,2,372,132,2839,521,22011,2692,5962,579,1
R16,Male,Hard,Stockholm,Sweden,Stockholm,72,5,4,2,372,132,2839,521,22011,2692,5962,579,1
R16,Male,Hard,Stockholm,Sweden,Stockholm,72,5,4,2,372,132,2839,521,22011,2692,5962,579,1
R16,Male,Hard,Stockholm,Sweden,Stockholm,72,5,4,2,372,132,2839,521,22011,2692,5962,579,1
R16,Male,Hard,Stockholm,Sweden,Stockholm,72,5,4,2,372,132,2839,521,22011,2692,5962,579,1
R16,Male,Hard,Stockholm,Sweden,Stockholm,72,5,4,2,372,132,2839,521,22011,2692,5962,579,1
R16,Male,Hard,Stockholm,Sweden,Stockholm,72,5,4,2,372,132,2839,521,22011,2692,5962,579,1
R16,Male,Hard,Stockholm,Sweden,Stockholm,72,5,4,2,372,132,2839,521,22011,2692,5962,579,1
R16,Male,Hard,Stockholm,Sweden,Stockholm,72,5,4,2,372,132,2839,521,22011,2692,5962,579,1
R16,Male,Hard,Stockholm,Sweden,Stockholm,72,5,4,2,372,132,2839,521,22011,2692,5962,579,1
R16,Male,Hard,Stockholm,Sweden,Stockholm,72,5,4,2,372,132,2839,521,22011,2692,5962,579,1
R16,Male,Hard,Stockholm,Sweden,Stockholm,72,5,4,2,372,132,2839,521,22011,2692,5962,579,1
R16,Male,Hard,Stockholm,Sweden,Stockholm,72,5,4,2,372,132,2839,521,22011,2692,5962,579,1
R16,Male,Hard,"Stockholm Open",Sweden,Stockholm,72,5,4,2,372,132,2839,521,22011,2692,5962,579,1
R16,Male,Hard,"Stockholm Open",Sweden,Stockholm,72,5,4,2,372,132,2839,521,22011,2692,5962,579,1
R16,Male,Hard,"Stockholm Open",Sweden,Stockholm,72,5,4,2,372,132,2839,521,22011,2692,5962,579,1
R16,Male,Hard,Marseille,France,Marseille,72,5,4,2,372,132,2839,521,22011,2692,5962,579,1
R16,Male,Hard,Marseille,France,Marseille,72,5,4,2,372,132,2839,521,22011,2692,5962,579,1
R16,Male,Hard,Marseille,France,Marseille,72,5,4,2,372,132,2839,521,22011,2692,5962,579,1
R16,Male,Hard,Marseille,France,Marseille,72,5,4,2,372,132,2839,521,22011,2692,5962,579,1
R16,Male,Hard,Marseille,France,Marseille,72,5,4,2,372,132,2839,521,22011,2692,5962,579,1
R16,Male,Hard,Marseille,France,Marseille,72,5,4,2,372,132,2839,521,22011,2692,5962,579,1
R16,Male,Hard,Marseille,France,Marseille,72,5,4,2,372,132,2839,521,22011,2692,5962,579,1
R16,Male,Hard,Marseille,France,Marseille,72,5,4,2,372,132,2839,521,22011,2692,5962,579,1
R16,Male,Hard,Marseille,France,Marseille,72,5,4,2,372,132,2839,521,22011,2692,5962,579,1
R16,Male,Hard,Marseille,France,Marseille,72,5,4,2,372,132,2839,521,22011,2692,5962,579,1
R16,Male,Hard,Marseille,France,Marseille,72,5,4,2,372,132,2839,521,22011,2692,5962,579,1
R16,Male,Hard,Marseille,France,Marseille,72,5,4,2,372,132,2839,521,22011,2692,5962,579,1
R16,Male,Hard,Marseille,France,Marseille,72,5,4,2,372,132,2839,521,22011,2692,5962,579,1
R16,Male,Hard,Marseille,France,Marseille,72,5,4,2,372,132,2839,521,22011,2692,5962,579,1
R16,Male,Hard,Marseille,France,Marseille,72,5,4,2,372,132,2839,521,22011,2692,5962,579,1
R16,Male,Hard,Marseille,France,Marseille,72,5,4,2,372,132,2839,521,22011,2692,5962,579,1
R16,Male,Hard,Marseille,France,Marseille,72,5,4,2,372,132,2839,521,22011,2692,5962,579,1
R16,Male,Hard,Marseille,France,Marseille,72,5,4,2,372,132,2839,521,22011,2692,5962,579,1
R16,Male,Hard,Marseille,France,Marseille,72,5,4,2,372,132,2839,521,22011,2692,5962,579,1
R16,Male,Hard,Marseille,France,Marseille,72,5,4,2,372,132,2839,521,22011,2692,5962,579,1
R16,Male,Hard,Marseille,France,Marseille,72,5,4,2,372,132,2839,521,22011,2692,5962,579,1
R16,Male,Hard,Marseille,France,Marseille,72,5,4,2,372,132,2839,521,22011,2692,5962,579,1
R16,Male,Hard,Marseille,France,Marseille,72,5,4,2,372,132,2839,521,22011,2692,5962,579,1
R16,Male,Hard,Marseille,France,Marseille,72,5,4,2,372,132,2839,521,22011,2692,5962,579,1
R16,Male,Hard,"Open 13 Marseille",France,Marseille,72,5,4,2,372,132,2839,521,22011,2692,5962,579,1
R32,Male,Grass,Wimbledon,Canada,London,72,5,4,2,372,132,4528,899,22011,2692,12060,1290,1
R32,Male,Grass,Wimbledon,Canada,London,72,5,4,2,372,132,4528,899,22011,2692,12060,1290,1
R32,Male,Grass,Wimbledon,Canada,London,72,5,4,2,372,132,4528,899,22011,2692,12060,1290,1
R32,Male,Grass,Wimbledon,Canada,London,72,5,4,2,372,132,4528,899,22011,2692,12060,1290,1
R32,Male,Grass,Wimbledon,Canada,London,72,5,4,2,372,132,4528,899,22011,2692,12060,1290,1
R32,Male,Grass,Wimbledon,Canada,London,72,5,4,2,372,132,4528,899,22011,2692,12060,1290,1
R32,Male,Grass,Wimbledon,Canada,London,72,5,4,2,372,132,4528,899,22011,2692,12060,1290,1
R32,Male,Grass,Wimbledon,Canada,London,72,5,4,2,372,132,4528,899,22011,2692,12060,1290,1
R32,Male,Grass,Wimbledon,Canada,London,72,5,4,2,372,132,4528,899,22011,2692,12060,1290,1
R32,Male,Grass,Wimbledon,Canada,London,72,5,4,2,372,132,4528,899,22011,2692,12060,1290,1
R32,Male,Grass,Wimbledon,Canada,London,72,5,4,2,372,132,4528,899,22011,2692,12060,1290,1
R32,Male,Grass,Wimbledon,Canada,London,72,5,4,2,372,132,4528,899,22011,2692,12060,1290,1
R32,Male,Grass,Wimbledon,Canada,London,72,5,4,2,372,132,4528,899,22011,2692,12060,1290,1
R32,Male,Grass,Wimbledon,Canada,London,72,5,4,2,372,132,4528,899,22011,2692,12060,1290,1
R32,Male,Grass,Wimbledon,Canada,London,72,5,4,2,372,132,4528,899,22011,2692,12060,1290,1
R32,Male,Grass,Wimbledon,Canada,London,72,5,4,2,372,132,4528,899,22011,2692,12060,1290,1
R32,Male,Grass,Wimbledon,Canada,London,72,5,4,2,372,132,4528,899,22011,2692,12060,1290,1
R32,Male,Grass,Wimbledon,Canada,London,72,5,4,2,372,132,4528,899,22011,2692,12060,1290,1
R32,Male,Grass,Wimbledon,Canada,London,72,5,4,2,372,132,4528,899,22011,2692,12060,1290,1
R32,Male,Grass,Wimbledon,Canada,London,72,5,4,2,372,132,4528,899,22011,2692,12060,1290,1
R32,Male,Grass,Wimbledon,Canada,London,72,5,4,2,372,132,4528,899,22011,2692,12060,1290,1
R32,Male,Grass,Wimbledon,Canada,London,72,5,4,2,372,132,4528,899,22011,2692,12060,1290,1
R32,Male,Grass,Wimbledon,Canada,London,72,5,4,2,372,132,4528,899,22011,2692,12060,1290,1
R32,Male,Grass,Wimbledon,Canada,London,72,5,4,2,372,132,4528,899,22011,2692,12060,1290,1
R32,Male,Grass,Wimbledon,Canada,London,72,5,4,2,372,132,4528,899,22011,2692,12060,1290,1
R32,Male,Grass,Wimbledon,Canada,London,72,5,4,2,372,132,4528,899,22011,2692,12060,1290,1
R32,Male,Grass,Wimbledon,Canada,London,72,5,4,2,372,132,4528,899,22011,2692,12060,1290,1
R32,Male,Grass,Wimbledon,Canada,London,72,5,4,2,372,132,4528,899,22011,2692,12060,1290,1
R32,Male,Grass,Wimbledon,Canada,London,72,5,4,2,372,132,4528,899,22011,2692,12060,1290,1
R32,Male,Grass,Wimbledon,Canada,London,72,5,4,2,372,132,4528,899,22011,2692,12060,1290,1
R32,Male,Grass,Wimbledon,Canada,London,72,5,4,2,372,132,4528,899,22011,2692,12060,1290,1
R32,Male,Grass,Wimbledon,Canada,London,72,5,4,2,372,132,4528,899,22011,2692,12060,1290,1
R32,Male,Grass,Wimbledon,Canada,London,72,5,4,2,372,132,4528,899,22011,2692,12060,1290,1
R32,Male,Grass,Wimbledon,Canada,London,72,5,4,2,372,132,4528,899,22011,2692,12060,1290,1
R32,Male,Grass,Wimbledon,Canada,London,72,5,4,2,372,132,4528,899,22011,2692,12060,1290,1
R32,Male,Grass,Wimbledon,Canada,London,72,5,4,2,372,132,4528,899,22011,2692,12060,1290,1
R32,Male,Grass,Wimbledon,Canada,London,72,5,4,2,372,132,4528,899,22011,2692,12060,1290,1
R32,Male,Grass,Wimbledon,Canada,London,72,5,4,2,372,132,4528,899,22011,2692,12060,1290,1
R32,Male,Grass,Wimbledon,Canada,London,72,5,4,2,372,132,4528,899,22011,2692,12060,1290,1
R32,Male,Grass,Wimbledon,Canada,London,72,5,4,2,372,132,4528,899,22011,2692,12060,1290,1
R32,Male,Grass,Wimbledon,Canada,London,72,5,4,2,372,132,4528,899,22011,2692,12060,1290,1
R32,Male,Grass,Wimbledon,Canada,London,72,5,4,2,372,132,4528,899,22011,2692,12060,1290,1
R32,Male,Grass,Wimbledon,Canada,London,72,5,4,2,372,132,4528,899,22011,2692,12060,1290,1
R32,Male,Grass,Wimbledon,Canada,London,72,5,4,2,372,132,4528,899,22011,2692,12060,1290,1
R32,Male,Grass,Wimbledon,Canada,London,72,5,4,2,372,132,4528,899,22011,2692,12060,1290,1
R32,Male,Grass,Wimbledon,Canada,London,72,5,4,2,372,132,4528,899,22011,2692,12060,1290,1
R32,Male,Grass,Wimbledon,Canada,London,72,5,4,2,372,132,4528,899,22011,2692,12060,1290,1
R32,Male,Grass,Wimbledon,Canada,London,72,5,4,2,372,132,4528,899,22011,2692,12060,1290,1
R32,Male,Grass,Wimbledon,Canada,London,72,5,4,2,372,132,4528,899,22011,2692,12060,1290,1
R32,Male,Grass,Wimbledon,Canada,London,72,5,4,2,372,132,4528,899,22011,2692,12060,1290,1
R32,Male,Grass,Wimbledon,Canada,London,72,5,4,2,372,132,4528,899,22011,2692,12060,1290,1
R32,Male,Grass,Wimbledon,Canada,London,72,5,4,2,372,132,4528,899,22011,2692,12060,1290,1
R32,Male,Grass,Wimbledon,Canada,London,72,5,4,2,372,132,4528,899,22011,2692,12060,1290,1
R32,Male,Grass,Wimbledon,Canada,London,72,5,4,2,372,132,4528,899,22011,2692,12060,1290,1
R32,Male,Grass,Wimbledon,Canada,London,72,5,4,2,372,132,4528,899,22011,2692,12060,1290,1
R32,Male,Grass,Wimbledon,Canada,London,72,5,4,2,372,132,4528,899,22011,2692,12060,1290,1
R32,Male,Grass,Wimbledon,Canada,London,72,5,4,2,372,132,4528,899,22011,2692,12060,1290,1
R32,Male,Grass,Wimbledon,Canada,London,72,5,4,2,372,132,4528,899,22011,2692,12060,1290,1
R32,Male,Grass,Wimbledon,Canada,London,72,5,4,2,372,132,4528,899,22011,2692,12060,1290,1
R32,Male,Grass,Wimbledon,Canada,London,72,5,4,2,372,132,4528,899,22011,2692,12060,1290,1
R32,Male,Grass,Wimbledon,Canada,London,72,5,4,2,372,132,4528,899,22011,2692,12060,1290,1
R32,Male,Grass,Wimbledon,Canada,London,72,5,4,2,372,132,4528,899,22011,2692,12060,1290,1
R32,Male,Grass,Wimbledon,Canada,London,72,5,4,2,372,132,4528,899,22011,2692,12060,1290,1
R32,Male,Grass,Wimbledon,Canada,London,72,5,4,2,372,132,4528,899,22011,2692,12060,1290,1
R32,Male,Grass,Wimbledon,Canada,London,72,5,4,2,372,132,4528,899,22011,2692,12060,1290,1
R32,Male,Grass,Wimbledon,Canada,London,72,5,4,2,372,132,4528,899,22011,2692,12060,1290,1
R32,Male,Grass,Wimbledon,Canada,London,72,5,4,2,372,132,4528,899,22011,2692,12060,1290,1
R32,Male,Grass,Wimbledon,Canada,London,72,5,4,2,372,132,4528,899,22011,2692,12060,1290,1
R32,Male,Grass,Wimbledon,Canada,London,72,5,4,2,372,132,4528,899,22011,2692,12060,1290,1
R32,Male,Grass,Wimbledon,Canada,London,72,5,4,2,372,132,4528,899,22011,2692,12060,1290,1
R32,Male,Grass,Wimbledon,Canada,London,72,5,4,2,372,132,4528,899,22011,2692,12060,1290,1
R32,Male,Grass,Wimbledon,Canada,London,72,5,4,2,372,132,4528,899,22011,2692,12060,1290,1
R32,Male,Grass,Wimbledon,Canada,London,72,5,4,2,372,132,4528,899,22011,2692,12060,1290,1
R32,Male,Grass,Wimbledon,Canada,London,72,5,4,2,372,132,4528,899,22011,2692,12060,1290,1
R32,Male,Grass,Wimbledon,Canada,London,72,5,4,2,372,132,4528,899,22011,2692,12060,1290,1
R32,Male,Grass,Wimbledon,Canada,London,72,5,4,2,372,132,4528,899,22011,2692,12060,1290,1
R32,Male,Grass,Wimbledon,Canada,London,72,5,4,2,372,132,4528,899,22011,2692,12060,1290,1
R32,Male,Grass,Wimbledon,Canada,London,72,5,4,2,372,132,4528,899,22011,2692,12060,1290,1
R32,Male,Grass,Wimbledon,Canada,London,72,5,4,2,372,132,4528,899,22011,2692,12060,1290,1
R32,Male,Grass,Wimbledon,Canada,London,72,5,4,2,372,132,4528,899,22011,2692,12060,1290,1
R32,Male,Grass,Wimbledon,Canada,London,72,5,4,2,372,132,4528,899,22011,2692,12060,1290,1
R32,Male,Grass,Wimbledon,Canada,London,72,5,4,2,372,132,4528,899,22011,2692,12060,1290,1
R32,Male,Grass,Wimbledon,Canada,London,72,5,4,2,372,132,4528,899,22011,2692,12060,1290,1
R32,Male,Grass,Wimbledon,Canada,London,72,5,4,2,372,132,4528,899,22011,2692,12060,1290,1
R32,Male,Grass,Wimbledon,Canada,London,72,5,4,2,372,132,4528,899,22011,2692,12060,1290,1
R32,Male,Grass,Wimbledon,Canada,London,72,5,4,2,372,132,4528,899,22011,2692,12060,1290,1
R32,Male,Grass,Wimbledon,Canada,London,72,5,4,2,372,132,4528,899,22011,2692,12060,1290,1
R32,Male,Grass,Wimbledon,Canada,London,72,5,4,2,372,132,4528,899,22011,2692,12060,1290,1
R32,Male,Clay,Wimbledon,Canada,London,72,5,4,2,372,132,1962,572,22011,2692,3420,756,1
R32,Male,Grass,Wimbledon,Canada,London,72,5,4,2,372,132,4528,899,22011,2692,12060,1290,1
R32,Male,Grass,Wimbledon,Canada,London,72,5,4,2,372,132,4528,899,22011,2692,12060,1290,1
R32,Male,Grass,Wimbledon,Canada,London,72,5,4,2,372,132,4528,899,22011,2692,12060,1290,1
R32,Male,Grass,Wimbledon,Canada,London,72,5,4,2,372,132,4528,899,22011,2692,12060,1290,1
R32,Male,Grass,Wimbledon,Canada,London,72,5,4,2,372,132,4528,899,22011,2692,12060,1290,1
R32,Male,Grass,Wimbledon,Canada,London,72,5,4,2,372,132,4528,899,22011,2692,12060,1290,1
R32,Male,Grass,Wimbledon,Canada,London,72,5,4,2,372,132,4528,899,22011,2692,12060,1290,1
R32,Male,Grass,Wimbledon,Canada,London,72,5,4,2,372,132,4528,899,22011,2692,12060,1290,1
R32,Male,Grass,Wimbledon,Canada,London,72,5,4,2,372,132,4528,899,22011,2692,12060,1290,1
R32,Male,Grass,Wimbledon,Canada,London,72,5,4,2,372,132,4528,899,22011,2692,12060,1290,1
R32,Male,Grass,Wimbledon,Canada,London,72,5,4,2,372,132,4528,899,22011,2692,12060,1290,1
R32,Male,Grass,Wimbledon,Canada,London,72,5,4,2,372,132,4528,899,22011,2692,12060,1290,1
R32,Male,Grass,Wimbledon,Canada,London,72,5,4,2,372,132,4528,899,22011,2692,12060,1290,1
R32,Male,Grass,Wimbledon,Canada,London,72,5,4,2,372,132,4528,899,22011,2692,12060,1290,1
R32,Male,Grass,Wimbledon,Canada,London,72,5,4,2,372,132,4528,899,22011,2692,12060,1290,1
R32,Male,Grass,Wimbledon,Canada,London,72,5,4,2,372,132,4528,899,22011,2692,12060,1290,1
R32,Male,Grass,Wimbledon,Canada,London,72,5,4,2,372,132,4528,899,22011,2692,12060,1290,1
R32,Male,Grass,Wimbledon,Canada,London,72,5,4,2,372,132,4528,899,22011,2692,12060,1290,1
R32,Male,Grass,Wimbledon,Canada,London,72,5,4,2,372,132,4528,899,22011,2692,12060,1290,1
R32,Male,Grass,Wimbledon,Canada,London,72,5,4,2,372,132,4528,899,22011,2692,12060,1290,1
R32,Male,Grass,Wimbledon,Canada,London,72,5,4,2,372,132,4528,899,22011,2692,12060,1290,1
R32,Male,Grass,Wimbledon,Canada,London,72,5,4,2,372,132,4528,899,22011,2692,12060,1290,1
R32,Male,Grass,Wimbledon,Canada,London,72,5,4,2,372,132,4528,899,22011,2692,12060,1290,1
R32,Male,Grass,Wimbledon,Canada,London,72,5,4,2,372,132,4528,899,22011,2692,12060,1290,1
R32,Male,Grass,Wimbledon,Canada,London,72,5,4,2,372,132,4528,899,22011,2692,12060,1290,1
R32,Male,Grass,Wimbledon,Canada,London,72,5,4,2,372,132,4528,899,22011,2692,12060,1290,1
R32,Male,Grass,Wimbledon,Canada,London,72,5,4,2,372,132,4528,899,22011,2692,12060,1290,1
R32,Male,Grass,Wimbledon,Canada,London,72,5,4,2,372,132,4528,899,22011,2692,12060,1290,1
R32,Male,Grass,Wimbledon,Canada,London,72,5,4,2,372,132,4528,899,22011,2692,12060,1290,1
R32,Male,Grass,Wimbledon,Canada,London,72,5,4,2,372,132,4528,899,22011,2692,12060,1290,1
R32,Male,Grass,Wimbledon,Canada,London,72,5,4,2,372,132,4528,899,22011,2692,12060,1290,1
R32,Male,Grass,Wimbledon,Canada,London,72,5,4,2,372,132,4528,899,22011,2692,12060,1290,1
R32,Male,Grass,Wimbledon,Canada,London,72,5,4,2,372,132,4528,899,22011,2692,12060,1290,1
R32,Male,Grass,Wimbledon,Canada,London,72,5,4,2,372,132,4528,899,22011,2692,12060,1290,1
R32,Male,Grass,Wimbledon,Canada,London,72,5,4,2,372,132,4528,899,22011,2692,12060,1290,1
R32,Male,Grass,Wimbledon,Canada,London,72,5,4,2,372,132,4528,899,22011,2692,12060,1290,1
R32,Male,Grass,Wimbledon,Canada,London,72,5,4,2,372,132,4528,899,22011,2692,12060,1290,1
R32,Male,Grass,Wimbledon,Canada,London,72,5,4,2,372,132,4528,899,22011,2692,12060,1290,1
R32,Male,Grass,Wimbledon,Canada,London,72,5,4,2,372,132,4528,899,22011,2692,12060,1290,1
R32,Male,Grass,Wimbledon,Canada,London,72,5,4,2,372,132,4528,899,22011,2692,12060,1290,1
R32,Male,Grass,Wimbledon,Canada,London,72,5,4,2,372,132,4528,899,22011,2692,12060,1290,1
R32,Male,Grass,Wimbledon,Canada,London,72,5,4,2,372,132,4528,899,22011,2692,12060,1290,1
R16,Male,Grass,"Mercedes Cup",Germany,Stuttgart,131,5,1,3,342,132,2915,899,8827,2692,3768,1290,1
R16,Male,Clay,Stuttgart,Germany,Stuttgart,131,5,1,3,342,132,1564,572,8827,2692,1872,756,1
R16,Male,Clay,Stuttgart,Germany,Stuttgart,131,5,1,3,342,132,1564,572,8827,2692,1872,756,1
R16,Male,Clay,Stuttgart,Germany,Stuttgart,131,5,1,3,342,132,1564,572,8827,2692,1872,756,1
R16,Male,Clay,Stuttgart,Germany,Stuttgart,131,5,1,3,342,132,1564,572,8827,2692,1872,756,1
R16,Male,Clay,Stuttgart,Germany,Stuttgart,131,5,1,3,342,132,1564,572,8827,2692,1872,756,1
R16,Male,Clay,Stuttgart,Germany,Stuttgart,131,5,1,3,342,132,1564,572,8827,2692,1872,756,1
R16,Male,Clay,Stuttgart,Germany,Stuttgart,131,5,1,3,342,132,1564,572,8827,2692,1872,756,1
R16,Male,Clay,Stuttgart,Germany,Stuttgart,131,5,1,3,342,132,1564,572,8827,2692,1872,756,1
R16,Male,Clay,Stuttgart,Germany,Stuttgart,131,5,1,3,342,132,1564,572,8827,2692,1872,756,1
R16,Male,Clay,Stuttgart,Germany,Stuttgart,131,5,1,3,342,132,1564,572,8827,2692,1872,756,1
R16,Male,Clay,Stuttgart,Germany,Stuttgart,131,5,1,3,342,132,1564,572,8827,2692,1872,756,1
R16,Male,Clay,Stuttgart,Germany,Stuttgart,131,5,1,3,342,132,1564,572,8827,2692,1872,756,1
R16,Male,Clay,Stuttgart,Germany,Stuttgart,131,5,1,3,342,132,1564,572,8827,2692,1872,756,1
R16,Male,Clay,Stuttgart,Germany,Stuttgart,131,5,1,3,342,132,1564,572,8827,2692,1872,756,1
R16,Male,Grass,Stuttgart,Germany,Stuttgart,131,5,1,3,342,132,2915,899,8827,2692,3768,1290,1
R16,Male,Grass,Stuttgart,Germany,Stuttgart,131,5,1,3,342,132,2915,899,8827,2692,3768,1290,1
R16,Male,Clay,"Stuttgart Outdoor",Germany,Stuttgart,131,5,1,3,342,132,1564,572,8827,2692,1872,756,1
R16,Male,Clay,"Stuttgart Outdoor",Germany,Stuttgart,131,5,1,3,342,132,1564,572,8827,2692,1872,756,1
R16,Male,Clay,"Stuttgart Outdoor",Germany,Stuttgart,131,5,1,3,342,132,1564,572,8827,2692,1872,756,1
R16,Male,Clay,"Stuttgart Outdoor",Germany,Stuttgart,131,5,1,3,342,132,1564,572,8827,2692,1872,756,1
R16,Male,Clay,"Stuttgart Outdoor",Germany,Stuttgart,131,5,1,3,342,132,1564,572,8827,2692,1872,756,1
R16,Male,Clay,"Stuttgart Outdoor",Germany,Stuttgart,131,5,1,3,342,132,1564,572,8827,2692,1872,756,1
R16,Male,Clay,"Stuttgart Outdoor",Germany,Stuttgart,131,5,1,3,342,132,1564,572,8827,2692,1872,756,1
R16,Male,Clay,"Stuttgart Outdoor",Germany,Stuttgart,131,5,1,3,342,132,1564,572,8827,2692,1872,756,1
R16,Male,Clay,"Stuttgart Outdoor",Germany,Stuttgart,131,5,1,3,342,132,1564,572,8827,2692,1872,756,1
R16,Male,Clay,"Stuttgart Outdoor",Germany,Stuttgart,131,5,1,3,342,132,1564,572,8827,2692,1872,756,1
R16,Male,Clay,"Stuttgart Outdoor",Germany,Stuttgart,131,5,1,3,342,132,1564,572,8827,2692,1872,756,1
R16,Male,Clay,"Stuttgart Outdoor",Germany,Stuttgart,131,5,1,3,342,132,1564,572,8827,2692,1872,756,1
R16,Male,Clay,"Stuttgart Outdoor",Germany,Stuttgart,131,5,1,3,342,132,1564,572,8827,2692,1872,756,1
R16,Male,Clay,"Stuttgart Outdoor",Germany,Stuttgart,131,5,1,3,342,132,1564,572,8827,2692,1872,756,1
R16,Male,Clay,"Stuttgart Outdoor",Germany,Stuttgart,131,5,1,3,342,132,1564,572,8827,2692,1872,756,1
R16,Male,Clay,"Stuttgart Outdoor",Germany,Stuttgart,131,5,1,3,342,132,1564,572,8827,2692,1872,756,1
R16,Male,Clay,"Stuttgart Outdoor",Germany,Stuttgart,131,5,1,3,342,132,1564,572,8827,2692,1872,756,1
R16,Male,Clay,"Stuttgart Outdoor",Germany,Stuttgart,131,5,1,3,342,132,1564,572,8827,2692,1872,756,1
R16,Male,Clay,"Stuttgart Outdoor",Germany,Stuttgart,131,5,1,3,342,132,1564,572,8827,2692,1872,756,1
R16,Male,Clay,"Stuttgart Outdoor",Germany,Stuttgart,131,5,1,3,342,132,1564,572,8827,2692,1872,756,1
R16,Male,Clay,"Stuttgart Outdoor",Germany,Stuttgart,131,5,1,3,342,132,1564,572,8827,2692,1872,756,1
R16,Male,Clay,"Stuttgart Outdoor",Germany,Stuttgart,131,5,1,3,342,132,1564,572,8827,2692,1872,756,1
R16,Male,Clay,"Stuttgart Outdoor",Germany,Stuttgart,131,5,1,3,342,132,1564,572,8827,2692,1872,756,1
R32,Male,Grass,"Australasian Championships",Australia,Melbourne,1,5,5,0,217,132,3157,899,31366,2692,14712,1290,1
R32,Male,Grass,"Australasian Championships","New Zealand",Christchurch,1,5,5,0,217,132,3157,899,31366,2692,14712,1290,1
R32,Male,Grass,"Australasian Championships",Australia,Brisbane,1,5,5,0,217,132,3157,899,31366,2692,14712,1290,1
R32,Male,Grass,"Australasian Championships",Australia,Sydney,1,5,5,0,217,132,3157,899,31366,2692,14712,1290,1
R32,Male,Grass,"Australasian Championships",Australia,Perth,1,5,5,0,217,132,3157,899,31366,2692,14712,1290,1
R32,Male,Grass,"Australasian Championships",Australia,Adelaide,1,5,5,0,217,132,3157,899,31366,2692,14712,1290,1
R32,Male,Grass,"Australasian Championships",Australia,Melbourne,1,5,5,0,217,132,3157,899,31366,2692,14712,1290,1
R32,Male,Grass,"Australasian Championships","United States",Hastings,1,5,5,0,217,132,3157,899,31366,2692,14712,1290,1
R32,Male,Grass,"Australasian Championships",Australia,Perth,1,5,5,0,217,132,3157,899,31366,2692,14712,1290,1
R32,Male,Grass,"Australasian Championships",Australia,Melbourne,1,5,5,0,217,132,3157,899,31366,2692,14712,1290,1
R32,Male,Grass,"Australasian Championships",Australia,Brisbane,1,5,5,0,217,132,3157,899,31366,2692,14712,1290,1
R32,Male,Grass,"Australasian Championships",Australia,Sydney,1,5,5,0,217,132,3157,899,31366,2692,14712,1290,1
R32,Male,Grass,"Australasian Championships",Australia,Adelaide,1,5,5,0,217,132,3157,899,31366,2692,14712,1290,1
R32,Male,Grass,"Australasian Championships",Australia,Perth,1,5,5,0,217,132,3157,899,31366,2692,14712,1290,1
R32,Male,Grass,"Australasian Championships",Australia,Sydney,1,5,5,0,217,132,3157,899,31366,2692,14712,1290,1
R32,Male,Grass,"Australasian Championships",Australia,Brisbane,1,5,5,0,217,132,3157,899,31366,2692,14712,1290,1
R32,Male,Grass,"Australasian Championships",Australia,Melbourne,1,5,5,0,217,132,3157,899,31366,2692,14712,1290,1
R32,Male,Grass,"Australian Championships",Australia,Sydney,1,5,5,0,217,132,3157,899,31366,2692,14712,1290,1
R32,Male,Grass,"Australian Championships",Australia,Adelaide,1,5,5,0,217,132,3157,899,31366,2692,14712,1290,1
R32,Male,Grass,"Australian Championships",Australia,Melbourne,1,5,5,0,217,132,3157,899,31366,2692,14712,1290,1
R32,Male,Grass,"Australian Championships",Australia,Sydney,1,5,5,0,217,132,3157,899,31366,2692,14712,1290,1
R32,Male,Grass,"Australian Championships",Australia,Adelaide,1,5,5,0,217,132,3157,899,31366,2692,14712,1290,1
R32,Male,Grass,"Australian Championships",Australia,Melbourne,1,5,5,0,217,132,3157,899,31366,2692,14712,1290,1
R32,Male,Grass,"Australian Championships",Australia,Sydney,1,5,5,0,217,132,3157,899,31366,2692,14712,1290,1
R32,Male,Grass,"Australian Championships",Australia,Adelaide,1,5,5,0,217,132,3157,899,31366,2692,14712,1290,1
R32,Male,Grass,"Australian Championships",Australia,Melbourne,1,5,5,0,217,132,3157,899,31366,2692,14712,1290,1
R32,Male,Grass,"Australian Championships",Australia,Sydney,1,5,5,0,217,132,3157,899,31366,2692,14712,1290,1
R32,Male,Grass,"Australian Championships",Australia,Melbourne,1,5,5,0,217,132,3157,899,31366,2692,14712,1290,1
R32,Male,Grass,"Australian Championships",Australia,Adelaide,1,5,5,0,217,132,3157,899,31366,2692,14712,1290,1
R32,Male,Grass,"Australian Championships",Australia,Sydney,1,5,5,0,217,132,3157,899,31366,2692,14712,1290,1
R32,Male,Grass,"Australian Championships",Australia,Adelaide,1,5,5,0,217,132,3157,899,31366,2692,14712,1290,1
R32,Male,Grass,"Australian Championships",Australia,Melbourne,1,5,5,0,217,132,3157,899,31366,2692,14712,1290,1
R32,Male,Grass,"Australian Championships",Australia,Sydney,1,5,5,0,217,132,3157,899,31366,2692,14712,1290,1
R32,Male,Grass,"Australian Championships",Australia,Adelaide,1,5,5,0,217,132,3157,899,31366,2692,14712,1290,1
R32,Male,Grass,"Australian Championships",Australia,Sydney,1,5,5,0,217,132,3157,899,31366,2692,14712,1290,1
R32,Male,Grass,"Australian Championships",Australia,Melbourne,1,5,5,0,217,132,3157,899,31366,2692,14712,1290,1
R32,Male,Grass,"Australian Championships",Australia,Adelaide,1,5,5,0,217,132,3157,899,31366,2692,14712,1290,1
R32,Male,Grass,"Australian Championships",Australia,Adelaide,1,5,5,0,217,132,3157,899,31366,2692,14712,1290,1
R32,Male,Grass,"Australian Championships",Australia,Sydney,1,5,5,0,217,132,3157,899,31366,2692,14712,1290,1
R32,Male,Grass,"Australian Championships",Australia,Adelaide,1,5,5,0,217,132,3157,899,31366,2692,14712,1290,1
R32,Male,Grass,"Australian Championships",Australia,Melbourne,1,5,5,0,217,132,3157,899,31366,2692,14712,1290,1
R32,Male,Grass,"Australian Championships",Australia,Sydney,1,5,5,0,217,132,3157,899,31366,2692,14712,1290,1
R32,Male,Grass,"Australian Championships",Australia,Adelaide,1,5,5,0,217,132,3157,899,31366,2692,14712,1290,1
R32,Male,Grass,"Australian Championships",Australia,Brisbane,1,5,5,0,217,132,3157,899,31366,2692,14712,1290,1
R32,Male,Grass,"Australian Championships",Australia,Melbourne,1,5,5,0,217,132,3157,899,31366,2692,14712,1290,1
R32,Male,Grass,"Australian Championships",Australia,Sydney,1,5,5,0,217,132,3157,899,31366,2692,14712,1290,1
R32,Male,Grass,"Australian Championships",Australia,Adelaide,1,5,5,0,217,132,3157,899,31366,2692,14712,1290,1
R32,Male,Grass,"Australian Championships",Australia,Brisbane,1,5,5,0,217,132,3157,899,31366,2692,14712,1290,1
R32,Male,Grass,"Australian Championships",Australia,Melbourne,1,5,5,0,217,132,3157,899,31366,2692,14712,1290,1
R32,Male,Grass,"Australian Championships",Australia,Sydney,1,5,5,0,217,132,3157,899,31366,2692,14712,1290,1
R32,Male,Grass,"Australian Championships",Australia,Adelaide,1,5,5,0,217,132,3157,899,31366,2692,14712,1290,1
R32,Male,Grass,"Australian Championships",Australia,Brisbane,1,5,5,0,217,132,3157,899,31366,2692,14712,1290,1
R32,Male,Grass,"Australian Championships",Australia,Melbourne,1,5,5,0,217,132,3157,899,31366,2692,14712,1290,1
R32,Male,Grass,"Australian Championships",Australia,Sydney,1,5,5,0,217,132,3157,899,31366,2692,14712,1290,1
R32,Male,Grass,"Australian Championships",Australia,Adelaide,1,5,5,0,217,132,3157,899,31366,2692,14712,1290,1
R32,Male,Grass,"Australian Chps.",Australia,Melbourne,1,5,5,0,217,132,3157,899,31366,2692,14712,1290,1
R32,Male,Grass,"Australian Open",Australia,Brisbane,1,5,5,0,217,132,3157,899,31366,2692,14712,1290,1
R32,Male,Grass,"Australian Open",Australia,Sydney,1,5,5,0,217,132,3157,899,31366,2692,14712,1290,1
R32,Male,Grass,"Australian Open",Australia,Sydney,1,5,5,0,217,132,3157,899,31366,2692,14712,1290,1
R32,Male,Grass,"Australian Open",Australia,Melbourne,1,5,5,0,217,132,3157,899,31366,2692,14712,1290,1
R32,Male,Grass,"Australian Open",Australia,Melbourne,1,5,5,0,217,132,3157,899,31366,2692,14712,1290,1
R32,Male,Grass,"Australian Open",Australia,Melbourne,1,5,5,0,217,132,3157,899,31366,2692,14712,1290,1
R32,Male,Grass,"Australian Open",Australia,Melbourne,1,5,5,0,217,132,3157,899,31366,2692,14712,1290,1
R32,Male,Grass,"Australian Open",Australia,Melbourne,1,5,5,0,217,132,3157,899,31366,2692,14712,1290,1
R32,Male,Grass,"Australian Open",Australia,Melbourne,1,5,5,0,217,132,3157,899,31366,2692,14712,1290,1
R32,Male,Grass,"Australian Open",Australia,Melbourne,1,5,5,0,217,132,3157,899,31366,2692,14712,1290,1
R32,Male,Grass,"Australian Open",Australia,Melbourne,1,5,5,0,217,132,3157,899,31366,2692,14712,1290,1
R32,Male,Grass,"Australian Open",Australia,Melbourne,1,5,5,0,217,132,3157,899,31366,2692,14712,1290,1
R32,Male,Grass,"Australian Open",Australia,Melbourne,1,5,5,0,217,132,3157,899,31366,2692,14712,1290,1
R32,Male,Grass,"Australian Open",Australia,Melbourne,1,5,5,0,217,132,3157,899,31366,2692,14712,1290,1
R32,Male,Grass,"Australian Open",Australia,Melbourne,1,5,5,0,217,132,3157,899,31366,2692,14712,1290,1
R32,Male,Grass,"Australian Open",Australia,Melbourne,1,5,5,0,217,132,3157,899,31366,2692,14712,1290,1
R32,Male,Grass,"Australian Open",Australia,Melbourne,1,5,5,0,217,132,3157,899,31366,2692,14712,1290,1
R32,Male,Grass,"Australian Open",Australia,Melbourne,1,5,5,0,217,132,3157,899,31366,2692,14712,1290,1
R32,Male,Hard,"Australian Open",Australia,Melbourne,1,5,5,0,217,132,1533,521,31366,2692,6064,579,1
R32,Male,Hard,"Australian Open",Australia,Melbourne,1,5,5,0,217,132,1533,521,31366,2692,6064,579,1
R32,Male,Hard,"Australian Open",Australia,Melbourne,1,5,5,0,217,132,1533,521,31366,2692,6064,579,1
R32,Male,Hard,"Australian Open",Australia,Melbourne,1,5,5,0,217,132,1533,521,31366,2692,6064,579,1
R32,Male,Hard,"Australian Open",Australia,Melbourne,1,5,5,0,217,132,1533,521,31366,2692,6064,579,1
R32,Male,Hard,"Australian Open",Australia,Melbourne,1,5,5,0,217,132,1533,521,31366,2692,6064,579,1
R32,Male,Hard,"Australian Open",Australia,Melbourne,1,5,5,0,217,132,1533,521,31366,2692,6064,579,1
R32,Male,Hard,"Australian Open",Australia,Melbourne,1,5,5,0,217,132,1533,521,31366,2692,6064,579,1
R32,Male,Hard,"Australian Open",Australia,Melbourne,1,5,5,0,217,132,1533,521,31366,2692,6064,579,1
R32,Male,Hard,"Australian Open",Australia,Melbourne,1,5,5,0,217,132,1533,521,31366,2692,6064,579,1
R32,Male,Hard,"Australian Open",Australia,Melbourne,1,5,5,0,217,132,1533,521,31366,2692,6064,579,1
R32,Male,Hard,"Australian Open",Australia,Melbourne,1,5,5,0,217,132,1533,521,31366,2692,6064,579,1
R32,Male,Hard,"Australian Open",Australia,Melbourne,1,5,5,0,217,132,1533,521,31366,2692,6064,579,1
R32,Male,Hard,"Australian Open",Australia,Melbourne,1,5,5,0,217,132,1533,521,31366,2692,6064,579,1
R32,Male,Hard,"Australian Open",Australia,Melbourne,1,5,5,0,217,132,1533,521,31366,2692,6064,579,1
R32,Male,Hard,"Australian Open",Australia,Melbourne,1,5,5,0,217,132,1533,521,31366,2692,6064,579,1
R32,Male,Hard,"Australian Open",Australia,Melbourne,1,5,5,0,217,132,1533,521,31366,2692,6064,579,1
R32,Male,Hard,"Australian Open",Australia,Melbourne,1,5,5,0,217,132,1533,521,31366,2692,6064,579,1
R32,Male,Hard,"Australian Open",Australia,Melbourne,1,5,5,0,217,132,1533,521,31366,2692,6064,579,1
R32,Male,Hard,"Australian Open",Australia,Melbourne,1,5,5,0,217,132,1533,521,31366,2692,6064,579,1
R32,Male,Hard,"Australian Open",Australia,Melbourne,1,5,5,0,217,132,1533,521,31366,2692,6064,579,1
R32,Male,Hard,"Australian Open",Australia,Melbourne,1,5,5,0,217,132,1533,521,31366,2692,6064,579,1
R32,Male,Hard,"Australian Open",Australia,Melbourne,1,5,5,0,217,132,1533,521,31366,2692,6064,579,1
R32,Male,Hard,"Australian Open",Australia,Melbourne,1,5,5,0,217,132,1533,521,31366,2692,6064,579,1
R32,Male,Hard,"Australian Open",Australia,Melbourne,1,5,5,0,217,132,1533,521,31366,2692,6064,579,1
R32,Male,Hard,"Australian Open",Australia,Melbourne,1,5,5,0,217,132,1533,521,31366,2692,6064,579,1
R32,Male,Hard,"Australian Open",Australia,Melbourne,1,5,5,0,217,132,1533,521,31366,2692,6064,579,1
R32,Male,Hard,"Australian Open",Australia,Melbourne,1,5,5,0,217,132,1533,521,31366,2692,6064,579,1
R32,Male,Hard,"Australian Open",Australia,Melbourne,1,5,5,0,217,132,1533,521,31366,2692,6064,579,1
R32,Male,Hard,"Australian Open",Australia,Melbourne,1,5,5,0,217,132,1533,521,31366,2692,6064,579,1
QF,Male,Hard,"ABN Amro World Tennis Tournament",Netherlands,Rotterdam,38,5,3,0,282,132,2129,521,15549,2692,4531,579,1
QF,Male,Carpet,Rotterdam,Netherlands,Rotterdam,38,5,3,0,282,132,293,72,15549,2692,561,67,1
QF,Male,Carpet,Rotterdam,Netherlands,Rotterdam,38,5,3,0,282,132,293,72,15549,2692,561,67,1
QF,Male,Carpet,Rotterdam,Netherlands,Rotterdam,38,5,3,0,282,132,293,72,15549,2692,561,67,1
QF,Male,Carpet,Rotterdam,Netherlands,Rotterdam,38,5,3,0,282,132,293,72,15549,2692,561,67,1
QF,Male,Hard,Rotterdam,Netherlands,Rotterdam,38,5,3,0,282,132,2129,521,15549,2692,4531,579,1
QF,Male,Carpet,Rotterdam,Netherlands,Rotterdam,38,5,3,0,282,132,293,72,15549,2692,561,67,1
QF,Male,Hard,Rotterdam,Netherlands,Rotterdam,38,5,3,0,282,132,2129,521,15549,2692,4531,579,1
QF,Male,Carpet,Rotterdam,Netherlands,Rotterdam,38,5,3,0,282,132,293,72,15549,2692,561,67,1
QF,Male,Carpet,Rotterdam,Netherlands,Rotterdam,38,5,3,0,282,132,293,72,15549,2692,561,67,1
QF,Male,Carpet,Rotterdam,Netherlands,Rotterdam,38,5,3,0,282,132,293,72,15549,2692,561,67,1
QF,Male,Carpet,Rotterdam,Netherlands,Rotterdam,38,5,3,0,282,132,293,72,15549,2692,561,67,1
QF,Male,Carpet,Rotterdam,Netherlands,Rotterdam,38,5,3,0,282,132,293,72,15549,2692,561,67,1
QF,Male,Carpet,Rotterdam,Netherlands,Rotterdam,38,5,3,0,282,132,293,72,15549,2692,561,67,1
QF,Male,Carpet,Rotterdam,Netherlands,Rotterdam,38,5,3,0,282,132,293,72,15549,2692,561,67,1
QF,Male,Carpet,Rotterdam,Netherlands,Rotterdam,38,5,3,0,282,132,293,72,15549,2692,561,67,1
QF,Male,Carpet,Rotterdam,Netherlands,Rotterdam,38,5,3,0,282,132,293,72,15549,2692,561,67,1
QF,Male,Carpet,Rotterdam,Netherlands,Rotterdam,38,5,3,0,282,132,293,72,15549,2692,561,67,1
QF,Male,Carpet,Rotterdam,Netherlands,Rotterdam,38,5,3,0,282,132,293,72,15549,2692,561,67,1
QF,Male,Carpet,Rotterdam,Netherlands,Rotterdam,38,5,3,0,282,132,293,72,15549,2692,561,67,1
QF,Male,Carpet,Rotterdam,Netherlands,Rotterdam,38,5,3,0,282,132,293,72,15549,2692,561,67,1
QF,Male,Carpet,Rotterdam,Netherlands,Rotterdam,38,5,3,0,282,132,293,72,15549,2692,561,67,1
QF,Male,Carpet,Rotterdam,Netherlands,Rotterdam,38,5,3,0,282,132,293,72,15549,2692,561,67,1
QF,Male,Carpet,Rotterdam,Netherlands,Rotterdam,38,5,3,0,282,132,293,72,15549,2692,561,67,1
QF,Male,Hard,Rotterdam,Netherlands,Rotterdam,38,5,3,0,282,132,2129,521,15549,2692,4531,579,1
QF,Male,Hard,Rotterdam,Netherlands,Rotterdam,38,5,3,0,282,132,2129,521,15549,2692,4531,579,1
QF,Male,Hard,Rotterdam,Netherlands,Rotterdam,38,5,3,0,282,132,2129,521,15549,2692,4531,579,1
QF,Male,Hard,Rotterdam,Netherlands,Rotterdam,38,5,3,0,282,132,2129,521,15549,2692,4531,579,1
QF,Male,Hard,Rotterdam,Netherlands,Rotterdam,38,5,3,0,282,132,2129,521,15549,2692,4531,579,1
QF,Male,Hard,Rotterdam,Netherlands,Rotterdam,38,5,3,0,282,132,2129,521,15549,2692,4531,579,1
QF,Male,Hard,Rotterdam,Netherlands,Rotterdam,38,5,3,0,282,132,2129,521,15549,2692,4531,579,1
QF,Male,Hard,Rotterdam,Netherlands,Rotterdam,38,5,3,0,282,132,2129,521,15549,2692,4531,579,1
QF,Male,Hard,Rotterdam,Netherlands,Rotterdam,38,5,3,0,282,132,2129,521,15549,2692,4531,579,1
QF,Male,Hard,Rotterdam,Netherlands,Rotterdam,38,5,3,0,282,132,2129,521,15549,2692,4531,579,1
QF,Male,Hard,Rotterdam,Netherlands,Rotterdam,38,5,3,0,282,132,2129,521,15549,2692,4531,579,1
QF,Male,Hard,Rotterdam,Netherlands,Rotterdam,38,5,3,0,282,132,2129,521,15549,2692,4531,579,1
QF,Male,Hard,Rotterdam,Netherlands,Rotterdam,38,5,3,0,282,132,2129,521,15549,2692,4531,579,1
QF,Male,Hard,Rotterdam,Netherlands,Rotterdam,38,5,3,0,282,132,2129,521,15549,2692,4531,579,1
QF,Male,Hard,Rotterdam,Netherlands,Rotterdam,38,5,3,0,282,132,2129,521,15549,2692,4531,579,1
QF,Male,Hard,Rotterdam,Netherlands,Rotterdam,38,5,3,0,282,132,2129,521,15549,2692,4531,579,1
QF,Male,Hard,Rotterdam,Netherlands,Rotterdam,38,5,3,0,282,132,2129,521,15549,2692,4531,579,1
QF,Male,Clay,"Rotterdam WCT",Netherlands,Rotterdam,38,5,3,0,282,132,2070,572,15549,2692,4324,756,1
QF,Male,Carpet,"Rotterdam WCT",Netherlands,Rotterdam,38,5,3,0,282,132,293,72,15549,2692,561,67,1
QF,Male,Carpet,"Rotterdam WTC",Netherlands,Rotterdam,38,5,3,0,282,132,293,72,15549,2692,561,67,1
SF,Male,Hard,"Citi Open","United States",Washington,38,5,3,0,282,132,2129,521,15549,2692,4531,579,1
SF,Male,Hard,Washington,"United States",Washington,38,5,3,0,282,132,2129,521,15549,2692,4531,579,1
SF,Male,Clay,Washington,"United States",Washington,38,5,3,0,282,132,2070,572,15549,2692,4324,756,1
SF,Male,Clay,Washington,"United States",Washington,38,5,3,0,282,132,2070,572,15549,2692,4324,756,1
SF,Male,Hard,Washington,"United States",Washington,38,5,3,0,282,132,2129,521,15549,2692,4531,579,1
SF,Male,Clay,Washington,"United States",Washington,38,5,3,0,282,132,2070,572,15549,2692,4324,756,1
SF,Male,Clay,Washington,"United States",Washington,38,5,3,0,282,132,2070,572,15549,2692,4324,756,1
SF,Male,Clay,Washington,"United States",Washington,38,5,3,0,282,132,2070,572,15549,2692,4324,756,1
SF,Male,Clay,Washington,"United States",Washington,38,5,3,0,282,132,2070,572,15549,2692,4324,756,1
SF,Male,Clay,Washington,"United States",Washington,38,5,3,0,282,132,2070,572,15549,2692,4324,756,1
SF,Male,Clay,Washington,"United States",Washington,38,5,3,0,282,132,2070,572,15549,2692,4324,756,1
SF,Male,Clay,Washington,"United States",Washington,38,5,3,0,282,132,2070,572,15549,2692,4324,756,1
SF,Male,Clay,Washington,"United States",Washington,38,5,3,0,282,132,2070,572,15549,2692,4324,756,1
SF,Male,Clay,Washington,"United States",Washington,38,5,3,0,282,132,2070,572,15549,2692,4324,756,1
SF,Male,Clay,Washington,"United States",Washington,38,5,3,0,282,132,2070,572,15549,2692,4324,756,1
SF,Male,Clay,Washington,"United States",Washington,38,5,3,0,282,132,2070,572,15549,2692,4324,756,1
SF,Male,Hard,Washington,"United States",Washington,38,5,3,0,282,132,2129,521,15549,2692,4531,579,1
SF,Male,Hard,Washington,"United States",Washington,38,5,3,0,282,132,2129,521,15549,2692,4531,579,1
SF,Male,Hard,Washington,"United States",Washington,38,5,3,0,282,132,2129,521,15549,2692,4531,579,1
SF,Male,Hard,Washington,"United States",Washington,38,5,3,0,282,132,2129,521,15549,2692,4531,579,1
SF,Male,Hard,Washington,"United States",Washington,38,5,3,0,282,132,2129,521,15549,2692,4531,579,1
SF,Male,Hard,Washington,"United States",Washington,38,5,3,0,282,132,2129,521,15549,2692,4531,579,1
SF,Male,Hard,Washington,"United States",Washington,38,5,3,0,282,132,2129,521,15549,2692,4531,579,1
SF,Male,Hard,Washington,"United States",Washington,38,5,3,0,282,132,2129,521,15549,2692,4531,579,1
SF,Male,Hard,Washington,"United States",Washington,38,5,3,0,282,132,2129,521,15549,2692,4531,579,1
SF,Male,Hard,Washington,"United States",Washington,38,5,3,0,282,132,2129,521,15549,2692,4531,579,1
SF,Male,Hard,Washington,"United States",Washington,38,5,3,0,282,132,2129,521,15549,2692,4531,579,1
SF,Male,Hard,Washington,"United States",Washington,38,5,3,0,282,132,2129,521,15549,2692,4531,579,1
SF,Male,Hard,Washington,"United States",Washington,38,5,3,0,282,132,2129,521,15549,2692,4531,579,1
SF,Male,Hard,Washington,"United States",Washington,38,5,3,0,282,132,2129,521,15549,2692,4531,579,1
SF,Male,Hard,Washington,"United States",Washington,38,5,3,0,282,132,2129,521,15549,2692,4531,579,1
SF,Male,Hard,Washington,"United States",Washington,38,5,3,0,282,132,2129,521,15549,2692,4531,579,1
SF,Male,Hard,Washington,"United States",Washington,38,5,3,0,282,132,2129,521,15549,2692,4531,579,1
SF,Male,Hard,Washington,"United States",Washington,38,5,3,0,282,132,2129,521,15549,2692,4531,579,1
SF,Male,Hard,Washington,"United States",Washington,38,5,3,0,282,132,2129,521,15549,2692,4531,579,1
SF,Male,Hard,Washington,"United States",Washington,38,5,3,0,282,132,2129,521,15549,2692,4531,579,1
SF,Male,Hard,Washington,"United States",Washington,38,5,3,0,282,132,2129,521,15549,2692,4531,579,1
